Dungeon1Door,Cave Door to The Observatory,CaveDoor,1100,26.666667938232,1000,0,1,0,10,10,10,0
Observatory,Observatory,Observatory,1500,28.627452850342,1500,0,1,0,0.1,0.1,0.1,0
COLtitan,Titan,Titan,500,13.725490570068,1500,0,0,0,1,1,1,0
Cactus2639-05/31/17-01:11:06,Cactus,Cactus,1654,31.764707565308,1197,173,0,0,0.1,0.1,0.1,0
Cactus2640-05/31/17-01:11:06,Cactus,Cactus,1527,14.509804725647,360,310,0,0,0.1,0.1,0.1,0
Cactus2641-05/31/17-01:11:06,Cactus,Cactus,1453,23.333333969116,1052,110,0,0,0.1,0.1,0.1,0
Cactus2642-05/31/17-01:11:06,Cactus,Cactus,913,15.490196228027,247,2,0,0,0.1,0.1,0.1,0
Cactus2643-05/31/17-01:11:06,Cactus,Cactus,1169,23.92156791687,1231,219,0,0,0.1,0.1,0.1,0
Cactus2644-05/31/17-01:11:06,Cactus,Cactus,343,20.392156600952,1356,163,0,0,0.1,0.1,0.1,0
Cactus2645-05/31/17-01:11:06,Cactus,Cactus,1602,28.823530197144,1641,188,0,0,0.1,0.1,0.1,0
Cactus2646-05/31/17-01:11:06,Cactus,Cactus,295,14.313726425171,947,85,0,0,0.1,0.1,0.1,0
Cactus2647-05/31/17-01:11:06,Cactus,Cactus,1251,26.27451133728,805,96,0,0,0.1,0.1,0.1,0
Cactus2648-05/31/17-01:11:06,Cactus,Cactus,611,10.980392456055,1718,9,0,0,0.1,0.1,0.1,0
Cactus2649-05/31/17-01:11:06,Cactus,Cactus,567,25.294118881226,561,212,0,0,0.1,0.1,0.1,0
Cactus2650-05/31/17-01:11:06,Cactus,Cactus,1414,22.941177368164,1712,262,0,0,0.1,0.1,0.1,0
Cactus2651-05/31/17-01:11:06,Cactus,Cactus,993,17.450981140137,423,268,0,0,0.1,0.1,0.1,0
Cactus2652-05/31/17-01:11:06,Cactus,Cactus,960,26.666667938232,938,342,0,0,0.1,0.1,0.1,0
Cactus2653-05/31/17-01:11:06,Cactus,Cactus,790,18.627450942993,1503,220,0,0,0.1,0.1,0.1,0
Cactus2654-05/31/17-01:11:06,Cactus,Cactus,1172,20.784313201904,741,55,0,0,0.1,0.1,0.1,0
Cactus2655-05/31/17-01:11:06,Cactus,Cactus,463,20.19607925415,871,290,0,0,0.1,0.1,0.1,0
Cactus2656-05/31/17-01:11:06,Cactus,Cactus,709,17.058824539185,349,237,0,0,0.1,0.1,0.1,0
Cactus2657-05/31/17-01:11:06,Cactus,Cactus,1034,15.686275482178,305,342,0,0,0.1,0.1,0.1,0
Cactus2658-05/31/17-01:11:06,Cactus,Cactus,622,22.941177368164,874,26,0,0,0.1,0.1,0.1,0
Cactus2659-05/31/17-01:11:06,Cactus,Cactus,974,16.07843208313,322,182,0,0,0.1,0.1,0.1,0
Cactus2660-05/31/17-01:11:06,Cactus,Cactus,1497,25.098041534424,832,101,0,0,0.1,0.1,0.1,0
Cactus2661-05/31/17-01:11:06,Cactus,Cactus,1164,29.607845306396,1396,273,0,0,0.1,0.1,0.1,0
Cactus2662-05/31/17-01:11:06,Cactus,Cactus,1476,25.686275482178,974,45,0,0,0.1,0.1,0.1,0
Cactus2663-05/31/17-01:11:06,Cactus,Cactus,754,12.745099067688,1706,13,0,0,0.1,0.1,0.1,0
Cactus2664-05/31/17-01:11:06,Cactus,Cactus,1059,28.23529624939,1356,154,0,0,0.1,0.1,0.1,0
Cactus2665-05/31/17-01:11:06,Cactus,Cactus,1125,20,710,170,0,0,0.1,0.1,0.1,0
Cactus2666-05/31/17-01:11:06,Cactus,Cactus,769,13.13725566864,1731,115,0,0,0.1,0.1,0.1,0
Cactus2667-05/31/17-01:11:06,Cactus,Cactus,934,23.137254714966,559,354,0,0,0.1,0.1,0.1,0
Cactus2668-05/31/17-01:11:06,Cactus,Cactus,612,13.725490570068,1512,205,0,0,0.1,0.1,0.1,0
Cactus2669-05/31/17-01:11:06,Cactus,Cactus,404,12.156863212585,1557,303,0,0,0.1,0.1,0.1,0
Cactus2670-05/31/17-01:11:06,Cactus,Cactus,815,26.666667938232,1026,321,0,0,0.1,0.1,0.1,0
Cactus2671-05/31/17-01:11:06,Cactus,Cactus,1723,32.941177368164,1282,237,0,0,0.1,0.1,0.1,0
Cactus2672-05/31/17-01:11:06,Cactus,Cactus,1448,29.019609451294,1228,269,0,0,0.1,0.1,0.1,0
Cactus2673-05/31/17-01:11:06,Cactus,Cactus,1538,33.725490570068,1404,196,0,0,0.1,0.1,0.1,0
Cactus2674-05/31/17-01:11:06,Cactus,Cactus,1424,16.666667938232,597,158,0,0,0.1,0.1,0.1,0
Cactus2675-05/31/17-01:11:06,Cactus,Cactus,478,20,1183,192,0,0,0.1,0.1,0.1,0
Cactus2676-05/31/17-01:11:06,Cactus,Cactus,1286,10.392156600952,331,182,0,0,0.1,0.1,0.1,0
Cactus2677-05/31/17-01:11:06,Cactus,Cactus,392,24.313726425171,689,65,0,0,0.1,0.1,0.1,0
Cactus2678-05/31/17-01:11:06,Cactus,Cactus,1573,23.92156791687,842,73,0,0,0.1,0.1,0.1,0
Cactus2679-05/31/17-01:11:06,Cactus,Cactus,1285,23.92156791687,1236,163,0,0,0.1,0.1,0.1,0
Cactus2680-05/31/17-01:11:06,Cactus,Cactus,955,26.666667938232,1223,229,0,0,0.1,0.1,0.1,0
Cactus2681-05/31/17-01:11:06,Cactus,Cactus,1474,26.27451133728,1158,136,0,0,0.1,0.1,0.1,0
Cactus2682-05/31/17-01:11:06,Cactus,Cactus,380,15.882353782654,1509,200,0,0,0.1,0.1,0.1,0
Cactus2683-05/31/17-01:11:06,Cactus,Cactus,1238,29.803922653198,1429,211,0,0,0.1,0.1,0.1,0
Cactus2684-05/31/17-01:11:06,Cactus,Cactus,721,25.686275482178,1013,29,0,0,0.1,0.1,0.1,0
Cactus2685-05/31/17-01:11:06,Cactus,Cactus,1515,32.15686416626,1252,224,0,0,0.1,0.1,0.1,0
Cactus2686-05/31/17-01:11:06,Cactus,Cactus,1414,22.549018859863,1645,54,0,0,0.1,0.1,0.1,0
Cactus2687-05/31/17-01:11:06,Cactus,Cactus,1179,18.627450942993,1774,329,0,0,0.1,0.1,0.1,0
Cactus2688-05/31/17-01:11:06,Cactus,Cactus,1258,27.647060394287,1488,16,0,0,0.1,0.1,0.1,0
Cactus2689-05/31/17-01:11:06,Cactus,Cactus,1165,18.431373596191,628,63,0,0,0.1,0.1,0.1,0
Cactus2690-05/31/17-01:11:06,Cactus,Cactus,1676,29.803922653198,1116,162,0,0,0.1,0.1,0.1,0
Cactus2691-05/31/17-01:11:06,Cactus,Cactus,838,26.07843208313,614,168,0,0,0.1,0.1,0.1,0
Cactus2692-05/31/17-01:11:06,Cactus,Cactus,1026,15.098039627075,316,117,0,0,0.1,0.1,0.1,0
Cactus2693-05/31/17-01:11:06,Cactus,Cactus,1509,16.666667938232,645,298,0,0,0.1,0.1,0.1,0
Cactus2694-05/31/17-01:11:06,Cactus,Cactus,1790,30.980392456055,1338,116,0,0,0.1,0.1,0.1,0
Cactus2695-05/31/17-01:11:06,Cactus,Cactus,218,20,1034,82,0,0,0.1,0.1,0.1,0
Cactus2696-05/31/17-01:11:06,Cactus,Cactus,778,27.254903793335,1017,286,0,0,0.1,0.1,0.1,0
Cactus2697-05/31/17-01:11:06,Cactus,Cactus,1043,25.882354736328,784,248,0,0,0.1,0.1,0.1,0
Cactus2698-05/31/17-01:11:06,Cactus,Cactus,1090,26.470588684082,1241,143,0,0,0.1,0.1,0.1,0
Cactus2699-05/31/17-01:11:06,Cactus,Cactus,1275,17.058824539185,1765,177,0,0,0.1,0.1,0.1,0
Cactus2700-05/31/17-01:11:06,Cactus,Cactus,1528,23.137254714966,1018,137,0,0,0.1,0.1,0.1,0
Cactus2701-05/31/17-01:11:06,Cactus,Cactus,1606,27.647060394287,1132,129,0,0,0.1,0.1,0.1,0
Cactus2702-05/31/17-01:11:06,Cactus,Cactus,768,14.117648124695,273,268,0,0,0.1,0.1,0.1,0
Cactus2703-05/31/17-01:11:06,Cactus,Cactus,1222,27.647060394287,1476,308,0,0,0.1,0.1,0.1,0
Cactus2704-05/31/17-01:11:06,Cactus,Cactus,1263,9.4117650985718,448,24,0,0,0.1,0.1,0.1,0
Cactus2705-05/31/17-01:11:06,Cactus,Cactus,349,20.19607925415,1277,123,0,0,0.1,0.1,0.1,0
Cactus2706-05/31/17-01:11:06,Cactus,Cactus,656,27.058824539185,754,238,0,0,0.1,0.1,0.1,0
Cactus2707-05/31/17-01:11:06,Cactus,Cactus,1251,21.764705657959,1632,325,0,0,0.1,0.1,0.1,0
Cactus2708-05/31/17-01:11:06,Cactus,Cactus,300,21.372549057007,1289,145,0,0,0.1,0.1,0.1,0
Cactus2709-05/31/17-01:11:06,Cactus,Cactus,621,20.980392456055,1122,82,0,0,0.1,0.1,0.1,0
Cactus2710-05/31/17-01:11:06,Cactus,Cactus,1259,24.705883026123,741,309,0,0,0.1,0.1,0.1,0
Cactus2711-05/31/17-01:11:06,Cactus,Cactus,513,20.19607925415,1110,355,0,0,0.1,0.1,0.1,0
Cactus2712-05/31/17-01:11:06,Cactus,Cactus,875,14.117648124695,198,94,0,0,0.1,0.1,0.1,0
Cactus2713-05/31/17-01:11:06,Cactus,Cactus,1722,31.568628311157,1419,144,0,0,0.1,0.1,0.1,0
Cactus2714-05/31/17-01:11:06,Cactus,Cactus,1198,11.372549057007,525,247,0,0,0.1,0.1,0.1,0
Cactus2715-05/31/17-01:11:06,Cactus,Cactus,1607,29.215686798096,1180,52,0,0,0.1,0.1,0.1,0
Cactus2716-05/31/17-01:11:06,Cactus,Cactus,458,22.941177368164,785,2,0,0,0.1,0.1,0.1,0
Cactus2717-05/31/17-01:11:06,Cactus,Cactus,1354,29.019609451294,1414,289,0,0,0.1,0.1,0.1,0
Cactus2718-05/31/17-01:11:06,Cactus,Cactus,1085,27.254903793335,1402,52,0,0,0.1,0.1,0.1,0
Cactus2719-05/31/17-01:11:06,Cactus,Cactus,1410,27.254903793335,1489,280,0,0,0.1,0.1,0.1,0
Cactus2720-05/31/17-01:11:06,Cactus,Cactus,1421,12.745099067688,450,57,0,0,0.1,0.1,0.1,0
Cactus2721-05/31/17-01:11:06,Cactus,Cactus,495,19.607843399048,1068,325,0,0,0.1,0.1,0.1,0
Cactus2722-05/31/17-01:11:06,Cactus,Cactus,434,17.450981140137,936,2,0,0,0.1,0.1,0.1,0
Cactus2723-05/31/17-01:11:06,Cactus,Cactus,518,23.725490570068,390,90,0,0,0.1,0.1,0.1,0
Cactus2724-05/31/17-01:11:06,Cactus,Cactus,318,21.176471710205,1269,319,0,0,0.1,0.1,0.1,0
Cactus2725-05/31/17-01:11:06,Cactus,Cactus,1321,29.215686798096,1344,328,0,0,0.1,0.1,0.1,0
Cactus2726-05/31/17-01:11:06,Cactus,Cactus,312,20.784313201904,1302,206,0,0,0.1,0.1,0.1,0
Cactus2727-05/31/17-01:11:06,Cactus,Cactus,1184,26.666667938232,1098,92,0,0,0.1,0.1,0.1,0
Cactus2728-05/31/17-01:11:06,Cactus,Cactus,814,29.803922653198,719,14,0,0,0.1,0.1,0.1,0
Cactus2729-05/31/17-01:11:06,Cactus,Cactus,799,29.607845306396,1209,26,0,0,0.1,0.1,0.1,0
Cactus2730-05/31/17-01:11:06,Cactus,Cactus,931,28.627452850342,1237,252,0,0,0.1,0.1,0.1,0
Cactus2731-05/31/17-01:11:06,Cactus,Cactus,904,24.509803771973,1400,143,0,0,0.1,0.1,0.1,0
Cactus2732-05/31/17-01:11:06,Cactus,Cactus,1709,32.745098114014,1212,72,0,0,0.1,0.1,0.1,0
Cactus2733-05/31/17-01:11:06,Cactus,Cactus,1176,26.666667938232,906,226,0,0,0.1,0.1,0.1,0
Cactus2734-05/31/17-01:11:06,Cactus,Cactus,535,24.117647171021,836,323,0,0,0.1,0.1,0.1,0
Cactus2735-05/31/17-01:11:06,Cactus,Cactus,1453,28.431373596191,1490,323,0,0,0.1,0.1,0.1,0
Cactus2736-05/31/17-01:11:06,Cactus,Cactus,807,30.19607925415,815,326,0,0,0.1,0.1,0.1,0
Cactus2737-05/31/17-01:11:06,Cactus,Cactus,634,25.490198135376,796,206,0,0,0.1,0.1,0.1,0
Cactus2738-05/31/17-01:11:06,Cactus,Cactus,725,17.843137741089,1501,269,0,0,0.1,0.1,0.1,0
Cactus2739-05/31/17-01:11:06,Cactus,Cactus,1506,28.431373596191,1512,51,0,0,0.1,0.1,0.1,0
Cactus2740-05/31/17-01:11:06,Cactus,Cactus,413,29.215686798096,560,245,0,0,0.1,0.1,0.1,0
Cactus2741-05/31/17-01:11:06,Cactus,Cactus,1061,28.23529624939,1340,158,0,0,0.1,0.1,0.1,0
Cactus2742-05/31/17-01:11:06,Cactus,Cactus,631,18.039216995239,1426,52,0,0,0.1,0.1,0.1,0
Cactus2743-05/31/17-01:11:06,Cactus,Cactus,1483,16.07843208313,410,250,0,0,0.1,0.1,0.1,0
Cactus2744-05/31/17-01:11:06,Cactus,Cactus,1260,28.039216995239,1340,196,0,0,0.1,0.1,0.1,0
Cactus2745-05/31/17-01:11:06,Cactus,Cactus,205,21.372549057007,1117,18,0,0,0.1,0.1,0.1,0
Cactus2746-05/31/17-01:11:06,Cactus,Cactus,1489,24.313726425171,1087,245,0,0,0.1,0.1,0.1,0
Cactus2747-05/31/17-01:11:06,Cactus,Cactus,1417,23.92156791687,763,140,0,0,0.1,0.1,0.1,0
Cactus2748-05/31/17-01:11:06,Cactus,Cactus,438,26.470588684082,661,175,0,0,0.1,0.1,0.1,0
Cactus2749-05/31/17-01:11:06,Cactus,Cactus,1240,23.333333969116,1551,145,0,0,0.1,0.1,0.1,0
Cactus2750-05/31/17-01:11:06,Cactus,Cactus,718,12.941177368164,1723,340,0,0,0.1,0.1,0.1,0
Cactus2751-05/31/17-01:11:06,Cactus,Cactus,1152,20.19607925415,1765,140,0,0,0.1,0.1,0.1,0
Cactus2752-05/31/17-01:11:06,Cactus,Cactus,629,23.725490570068,584,10,0,0,0.1,0.1,0.1,0
Cactus2753-05/31/17-01:11:06,Cactus,Cactus,1254,26.27451133728,802,7,0,0,0.1,0.1,0.1,0
Cactus2754-05/31/17-01:11:06,Cactus,Cactus,1252,20.980392456055,1653,316,0,0,0.1,0.1,0.1,0
Cactus2755-05/31/17-01:11:06,Cactus,Cactus,1192,23.333333969116,1218,29,0,0,0.1,0.1,0.1,0
Cactus2756-05/31/17-01:11:06,Cactus,Cactus,1622,22.352941513062,947,213,0,0,0.1,0.1,0.1,0
Cactus2757-05/31/17-01:11:06,Cactus,Cactus,1206,26.470588684082,1165,294,0,0,0.1,0.1,0.1,0
Cactus2758-05/31/17-01:11:06,Cactus,Cactus,1376,22.352941513062,705,4,0,0,0.1,0.1,0.1,0
Cactus2759-05/31/17-01:11:06,Cactus,Cactus,550,27.058824539185,701,84,0,0,0.1,0.1,0.1,0
Cactus2760-05/31/17-01:11:06,Cactus,Cactus,1577,22.941177368164,762,314,0,0,0.1,0.1,0.1,0
Cactus2761-05/31/17-01:11:06,Cactus,Cactus,1286,10.196078300476,383,223,0,0,0.1,0.1,0.1,0
Cactus2762-05/31/17-01:11:06,Cactus,Cactus,545,28.23529624939,516,264,0,0,0.1,0.1,0.1,0
Cactus2763-05/31/17-01:11:06,Cactus,Cactus,1174,26.666667938232,969,275,0,0,0.1,0.1,0.1,0
Cactus2764-05/31/17-01:11:06,Cactus,Cactus,396,16.470588684082,1488,359,0,0,0.1,0.1,0.1,0
Cactus2765-05/31/17-01:11:06,Cactus,Cactus,1384,22.156862258911,1715,201,0,0,0.1,0.1,0.1,0
Cactus2766-05/31/17-01:11:06,Cactus,Cactus,761,14.509804725647,1594,84,0,0,0.1,0.1,0.1,0
Cactus2767-05/31/17-01:11:06,Cactus,Cactus,1306,9.0196084976196,477,74,0,0,0.1,0.1,0.1,0
Cactus2768-05/31/17-01:11:06,Cactus,Cactus,704,26.666667938232,850,150,0,0,0.1,0.1,0.1,0
Cactus2769-05/31/17-01:11:06,Cactus,Cactus,189,21.372549057007,1116,252,0,0,0.1,0.1,0.1,0
Cactus2770-05/31/17-01:11:06,Cactus,Cactus,694,20,1345,316,0,0,0.1,0.1,0.1,0
Cactus2771-05/31/17-01:11:06,Cactus,Cactus,1096,26.666667938232,1167,20,0,0,0.1,0.1,0.1,0
Cactus2772-05/31/17-01:11:06,Cactus,Cactus,954,20.980392456055,535,154,0,0,0.1,0.1,0.1,0
Cactus2773-05/31/17-01:11:06,Cactus,Cactus,1765,26.27451133728,997,32,0,0,0.1,0.1,0.1,0
Cactus2774-05/31/17-01:11:06,Cactus,Cactus,1158,27.254903793335,1451,281,0,0,0.1,0.1,0.1,0
Cactus2775-05/31/17-01:11:06,Cactus,Cactus,1767,32.745098114014,1319,269,0,0,0.1,0.1,0.1,0
GunShop2776-05/31/17-01:11:06,GunShop,GunShop,1024,26.666667938232,1029,0,0,0,0.008,0.008,0.008,0
FarmHouse2777-05/31/17-01:11:06,FarmHouse,FarmHouse,1034,26.666667938232,1024,0,0,0,0.25,0.25,0.25,0
GeneralStore2778-05/31/17-01:11:06,GeneralStore,GeneralStore,1044,26.666667938232,1020,0,0,0,0.15,0.15,0.15,0
Saloon2779-05/31/17-01:11:06,Saloon,Saloon,1034,26.666667938232,990,0,0,0,0.1,0.1,0.1,0
Blacksmith2780-05/31/17-01:11:06,Blacksmith,Blacksmith,1024,26.666667938232,990,0,0,0,0.06,0.06,0.06,0
gun,Pistol,Pistol,997.21765136719,28.081604003906,1002.7200927734,0,0,0,0.01,0.01,0.01,0
bullet,Bullet,Bullet,869.88439941406,18.863515853882,171.25573730469,0,0,0,0.05,0.05,0.05,0
Cactus3485-05/31/17-01:11:12,Cactus,Cactus,1188,15.490196228027,582,284,0,0,0.1,0.1,0.1,0
Cactus3486-05/31/17-01:11:12,Cactus,Cactus,794,13.921568870544,1802,44,0,0,0.1,0.1,0.1,0
Cactus3487-05/31/17-01:11:12,Cactus,Cactus,706,28.23529624939,736,1,0,0,0.1,0.1,0.1,0
Cactus3488-05/31/17-01:11:12,Cactus,Cactus,651,23.529411315918,436,282,0,0,0.1,0.1,0.1,0
Cactus3489-05/31/17-01:11:12,Cactus,Cactus,815,29.803922653198,1164,161,0,0,0.1,0.1,0.1,0
Cactus3490-05/31/17-01:11:12,Cactus,Cactus,1445,25.882354736328,1164,211,0,0,0.1,0.1,0.1,0
Cactus3491-05/31/17-01:11:12,Cactus,Cactus,1241,9.4117650985718,403,136,0,0,0.1,0.1,0.1,0
Cactus3492-05/31/17-01:11:12,Cactus,Cactus,1575,15.490196228027,406,227,0,0,0.1,0.1,0.1,0
Cactus3493-05/31/17-01:11:12,Cactus,Cactus,1052,20.784313201904,1724,298,0,0,0.1,0.1,0.1,0
Cactus3494-05/31/17-01:11:12,Cactus,Cactus,1491,32.941177368164,1413,223,0,0,0.1,0.1,0.1,0
Cactus3495-05/31/17-01:11:12,Cactus,Cactus,813,14.509804725647,1796,354,0,0,0.1,0.1,0.1,0
Cactus3496-05/31/17-01:11:12,Cactus,Cactus,1091,14.313726425171,520,217,0,0,0.1,0.1,0.1,0
Cactus3497-05/31/17-01:11:12,Cactus,Cactus,1393,30.588235855103,1311,343,0,0,0.1,0.1,0.1,0
Cactus3498-05/31/17-01:11:12,Cactus,Cactus,1151,14.117648124695,558,184,0,0,0.1,0.1,0.1,0
Cactus3499-05/31/17-01:11:12,Cactus,Cactus,308,19.803922653198,1477,249,0,0,0.1,0.1,0.1,0
Cactus3500-05/31/17-01:11:12,Cactus,Cactus,1140,27.058824539185,1273,359,0,0,0.1,0.1,0.1,0
Cactus3501-05/31/17-01:11:12,Cactus,Cactus,1825,30.784315109253,1128,93,0,0,0.1,0.1,0.1,0
Cactus3502-05/31/17-01:11:12,Cactus,Cactus,783,15.686275482178,1559,24,0,0,0.1,0.1,0.1,0
Cactus3503-05/31/17-01:11:12,Cactus,Cactus,1176,23.92156791687,1527,128,0,0,0.1,0.1,0.1,0
Cactus3504-05/31/17-01:11:12,Cactus,Cactus,900,15.098039627075,238,298,0,0,0.1,0.1,0.1,0
Cactus3505-05/31/17-01:11:12,Cactus,Cactus,809,28.431373596191,657,337,0,0,0.1,0.1,0.1,0
Cactus3506-05/31/17-01:11:12,Cactus,Cactus,1222,26.470588684082,1155,315,0,0,0.1,0.1,0.1,0
Cactus3507-05/31/17-01:11:12,Cactus,Cactus,1197,10.392156600952,487,116,0,0,0.1,0.1,0.1,0
Cactus3508-05/31/17-01:11:12,Cactus,Cactus,482,19.411764144897,1283,236,0,0,0.1,0.1,0.1,0
Cactus3509-05/31/17-01:11:12,Cactus,Cactus,1346,23.137254714966,1555,180,0,0,0.1,0.1,0.1,0
Cactus3510-05/31/17-01:11:12,Cactus,Cactus,1047,13.725490570068,362,152,0,0,0.1,0.1,0.1,0
Cactus3511-05/31/17-01:11:12,Cactus,Cactus,798,28.23529624939,651,336,0,0,0.1,0.1,0.1,0
Cactus3512-05/31/17-01:11:12,Cactus,Cactus,1702,31.568628311157,1174,178,0,0,0.1,0.1,0.1,0
Cactus3513-05/31/17-01:11:12,Cactus,Cactus,729,30.000001907349,698,340,0,0,0.1,0.1,0.1,0
Cactus3514-05/31/17-01:11:12,Cactus,Cactus,1588,30.000001907349,1587,271,0,0,0.1,0.1,0.1,0
Cactus3515-05/31/17-01:11:12,Cactus,Cactus,1134,27.647060394287,1427,49,0,0,0.1,0.1,0.1,0
Cactus3516-05/31/17-01:11:12,Cactus,Cactus,589,13.13725566864,1496,119,0,0,0.1,0.1,0.1,0
Cactus3517-05/31/17-01:11:12,Cactus,Cactus,713,24.509803771973,1044,329,0,0,0.1,0.1,0.1,0
Cactus3518-05/31/17-01:11:12,Cactus,Cactus,342,18.235294342041,1482,18,0,0,0.1,0.1,0.1,0
Cactus3519-05/31/17-01:11:12,Cactus,Cactus,664,23.529411315918,1030,80,0,0,0.1,0.1,0.1,0
Cactus3520-05/31/17-01:11:12,Cactus,Cactus,618,11.568627357483,1735,197,0,0,0.1,0.1,0.1,0
Cactus3521-05/31/17-01:11:12,Cactus,Cactus,587,20.784313201904,1123,1,0,0,0.1,0.1,0.1,0
Cactus3522-05/31/17-01:11:12,Cactus,Cactus,918,20,1585,315,0,0,0.1,0.1,0.1,0
Cactus3523-05/31/17-01:11:12,Cactus,Cactus,514,18.823530197144,1254,232,0,0,0.1,0.1,0.1,0
Cactus3524-05/31/17-01:11:12,Cactus,Cactus,300,20.980392456055,713,310,0,0,0.1,0.1,0.1,0
Cactus3525-05/31/17-01:11:12,Cactus,Cactus,1591,31.372550964355,1515,340,0,0,0.1,0.1,0.1,0
Cactus3526-05/31/17-01:11:12,Cactus,Cactus,418,18.823530197144,1304,72,0,0,0.1,0.1,0.1,0
Cactus3527-05/31/17-01:11:12,Cactus,Cactus,682,15.686275482178,1556,234,0,0,0.1,0.1,0.1,0
Cactus3528-05/31/17-01:11:12,Cactus,Cactus,367,16.666667938232,867,28,0,0,0.1,0.1,0.1,0
Cactus3529-05/31/17-01:11:12,Cactus,Cactus,809,16.470588684082,1546,277,0,0,0.1,0.1,0.1,0
Cactus3530-05/31/17-01:11:12,Cactus,Cactus,1700,32.15686416626,1416,147,0,0,0.1,0.1,0.1,0
Cactus3531-05/31/17-01:11:12,Cactus,Cactus,1021,26.862747192383,1311,31,0,0,0.1,0.1,0.1,0
Cactus3532-05/31/17-01:11:12,Cactus,Cactus,584,20.19607925415,376,84,0,0,0.1,0.1,0.1,0
Cactus3533-05/31/17-01:11:12,Cactus,Cactus,298,16.274509429932,816,55,0,0,0.1,0.1,0.1,0
Cactus3534-05/31/17-01:11:12,Cactus,Cactus,621,24.509803771973,450,19,0,0,0.1,0.1,0.1,0
Cactus3535-05/31/17-01:11:12,Cactus,Cactus,545,19.019607543945,1220,309,0,0,0.1,0.1,0.1,0
Cactus3536-05/31/17-01:11:12,Cactus,Cactus,686,25.098041534424,1193,333,0,0,0.1,0.1,0.1,0
Cactus3537-05/31/17-01:11:12,Cactus,Cactus,1075,26.666667938232,1227,157,0,0,0.1,0.1,0.1,0
Cactus3538-05/31/17-01:11:12,Cactus,Cactus,1199,28.823530197144,1453,68,0,0,0.1,0.1,0.1,0
Cactus3539-05/31/17-01:11:12,Cactus,Cactus,1148,25.882354736328,1260,228,0,0,0.1,0.1,0.1,0
Cactus3540-05/31/17-01:11:12,Cactus,Cactus,1714,30.392158508301,1121,233,0,0,0.1,0.1,0.1,0
Cactus3541-05/31/17-01:11:12,Cactus,Cactus,1801,26.666667938232,1000,203,0,0,0.1,0.1,0.1,0
Cactus3542-05/31/17-01:11:12,Cactus,Cactus,946,23.333333969116,596,154,0,0,0.1,0.1,0.1,0
Cactus3543-05/31/17-01:11:12,Cactus,Cactus,1104,19.607843399048,669,2,0,0,0.1,0.1,0.1,0
Cactus3544-05/31/17-01:11:12,Cactus,Cactus,507,20.19607925415,1120,10,0,0,0.1,0.1,0.1,0
Cactus3545-05/31/17-01:11:12,Cactus,Cactus,298,20,1101,138,0,0,0.1,0.1,0.1,0
Cactus3546-05/31/17-01:11:12,Cactus,Cactus,935,18.039216995239,1732,8,0,0,0.1,0.1,0.1,0
Cactus3547-05/31/17-01:11:12,Cactus,Cactus,842,13.921568870544,321,267,0,0,0.1,0.1,0.1,0
Cactus3548-05/31/17-01:11:12,Cactus,Cactus,741,27.843137741089,779,58,0,0,0.1,0.1,0.1,0
Cactus3549-05/31/17-01:11:12,Cactus,Cactus,739,26.470588684082,1014,114,0,0,0.1,0.1,0.1,0
Cactus3550-05/31/17-01:11:12,Cactus,Cactus,768,27.254903793335,1133,252,0,0,0.1,0.1,0.1,0
Cactus3551-05/31/17-01:11:12,Cactus,Cactus,940,27.058824539185,762,76,0,0,0.1,0.1,0.1,0
Cactus3552-05/31/17-01:11:12,Cactus,Cactus,930,17.843137741089,435,298,0,0,0.1,0.1,0.1,0
Cactus3553-05/31/17-01:11:12,Cactus,Cactus,1442,16.666667938232,590,174,0,0,0.1,0.1,0.1,0
Cactus3554-05/31/17-01:11:12,Cactus,Cactus,363,16.470588684082,963,118,0,0,0.1,0.1,0.1,0
Cactus3555-05/31/17-01:11:12,Cactus,Cactus,616,27.450981140137,682,7,0,0,0.1,0.1,0.1,0
Cactus3556-05/31/17-01:11:12,Cactus,Cactus,1130,20,1730,277,0,0,0.1,0.1,0.1,0
Cactus3557-05/31/17-01:11:12,Cactus,Cactus,1283,25.098041534424,1124,243,0,0,0.1,0.1,0.1,0
Cactus3558-05/31/17-01:11:12,Cactus,Cactus,1411,31.960784912109,1335,267,0,0,0.1,0.1,0.1,0
Cactus3559-05/31/17-01:11:12,Cactus,Cactus,1851,31.764707565308,1131,143,0,0,0.1,0.1,0.1,0
Cactus3560-05/31/17-01:11:12,Cactus,Cactus,782,12.745099067688,1627,70,0,0,0.1,0.1,0.1,0
Cactus3561-05/31/17-01:11:12,Cactus,Cactus,678,25.098041534424,895,26,0,0,0.1,0.1,0.1,0
Cactus3562-05/31/17-01:11:12,Cactus,Cactus,937,26.666667938232,1021,29,0,0,0.1,0.1,0.1,0
Cactus3563-05/31/17-01:11:12,Cactus,Cactus,1673,23.92156791687,862,80,0,0,0.1,0.1,0.1,0
Cactus3564-05/31/17-01:11:12,Cactus,Cactus,1050,26.666667938232,853,209,0,0,0.1,0.1,0.1,0
Cactus3565-05/31/17-01:11:12,Cactus,Cactus,1020,18.039216995239,1878,154,0,0,0.1,0.1,0.1,0
Cactus3566-05/31/17-01:11:12,Cactus,Cactus,444,21.568628311157,1156,328,0,0,0.1,0.1,0.1,0
Cactus3567-05/31/17-01:11:12,Cactus,Cactus,1106,26.470588684082,1234,72,0,0,0.1,0.1,0.1,0
Cactus3568-05/31/17-01:11:12,Cactus,Cactus,1292,28.431373596191,926,290,0,0,0.1,0.1,0.1,0
Cactus3569-05/31/17-01:11:12,Cactus,Cactus,636,21.960784912109,1177,190,0,0,0.1,0.1,0.1,0
Cactus3570-05/31/17-01:11:12,Cactus,Cactus,817,13.921568870544,290,66,0,0,0.1,0.1,0.1,0
Cactus3571-05/31/17-01:11:12,Cactus,Cactus,1016,26.666667938232,1171,147,0,0,0.1,0.1,0.1,0
Cactus3572-05/31/17-01:11:12,Cactus,Cactus,1099,20,686,254,0,0,0.1,0.1,0.1,0
Cactus3573-05/31/17-01:11:12,Cactus,Cactus,906,20.784313201904,1558,170,0,0,0.1,0.1,0.1,0
Cactus3574-05/31/17-01:11:12,Cactus,Cactus,929,27.843137741089,1315,78,0,0,0.1,0.1,0.1,0
Cactus3575-05/31/17-01:11:12,Cactus,Cactus,532,11.176470756531,1585,360,0,0,0.1,0.1,0.1,0
Cactus3576-05/31/17-01:11:12,Cactus,Cactus,847,18.235294342041,463,69,0,0,0.1,0.1,0.1,0
Cactus3577-05/31/17-01:11:12,Cactus,Cactus,1725,25.490198135376,955,237,0,0,0.1,0.1,0.1,0
Cactus3578-05/31/17-01:11:12,Cactus,Cactus,1771,28.823530197144,1409,149,0,0,0.1,0.1,0.1,0
Cactus3579-05/31/17-01:11:12,Cactus,Cactus,1216,28.823530197144,1461,248,0,0,0.1,0.1,0.1,0
Cactus3580-05/31/17-01:11:12,Cactus,Cactus,892,26.470588684082,1337,315,0,0,0.1,0.1,0.1,0
Cactus3581-05/31/17-01:11:12,Cactus,Cactus,1127,14.509804725647,276,61,0,0,0.1,0.1,0.1,0
Cactus3582-05/31/17-01:11:12,Cactus,Cactus,700,22.352941513062,1290,330,0,0,0.1,0.1,0.1,0
Cactus3583-05/31/17-01:11:12,Cactus,Cactus,721,27.843137741089,908,234,0,0,0.1,0.1,0.1,0
Cactus3584-05/31/17-01:11:12,Cactus,Cactus,1606,32.35294342041,1290,94,0,0,0.1,0.1,0.1,0
Cactus3585-05/31/17-01:11:12,Cactus,Cactus,458,31.764707565308,512,193,0,0,0.1,0.1,0.1,0
Cactus3586-05/31/17-01:11:12,Cactus,Cactus,1542,26.862747192383,1690,14,0,0,0.1,0.1,0.1,0
Cactus3587-05/31/17-01:11:12,Cactus,Cactus,773,28.23529624939,838,280,0,0,0.1,0.1,0.1,0
Cactus3588-05/31/17-01:11:12,Cactus,Cactus,424,17.647058486938,1328,284,0,0,0.1,0.1,0.1,0
Cactus3589-05/31/17-01:11:12,Cactus,Cactus,1317,25.294118881226,1517,180,0,0,0.1,0.1,0.1,0
Cactus3590-05/31/17-01:11:12,Cactus,Cactus,817,20,1498,181,0,0,0.1,0.1,0.1,0
Cactus3591-05/31/17-01:11:12,Cactus,Cactus,1511,17.254901885986,609,218,0,0,0.1,0.1,0.1,0
Cactus3592-05/31/17-01:11:12,Cactus,Cactus,1810,26.470588684082,967,289,0,0,0.1,0.1,0.1,0
Cactus3593-05/31/17-01:11:12,Cactus,Cactus,1169,28.627452850342,1438,345,0,0,0.1,0.1,0.1,0
Cactus3594-05/31/17-01:11:12,Cactus,Cactus,1580,22.745098114014,1039,189,0,0,0.1,0.1,0.1,0
Cactus3595-05/31/17-01:11:12,Cactus,Cactus,1672,19.607843399048,562,211,0,0,0.1,0.1,0.1,0
Cactus3596-05/31/17-01:11:12,Cactus,Cactus,1178,26.666667938232,919,337,0,0,0.1,0.1,0.1,0
Cactus3597-05/31/17-01:11:12,Cactus,Cactus,1484,24.509803771973,813,135,0,0,0.1,0.1,0.1,0
Cactus3598-05/31/17-01:11:12,Cactus,Cactus,1317,9.0196084976196,474,280,0,0,0.1,0.1,0.1,0
Cactus3599-05/31/17-01:11:12,Cactus,Cactus,401,24.901960372925,685,197,0,0,0.1,0.1,0.1,0
Cactus3600-05/31/17-01:11:12,Cactus,Cactus,519,25.686275482178,716,167,0,0,0.1,0.1,0.1,0
Cactus3601-05/31/17-01:11:12,Cactus,Cactus,810,20.392156600952,1491,224,0,0,0.1,0.1,0.1,0
Cactus3602-05/31/17-01:11:12,Cactus,Cactus,1660,25.294118881226,1018,194,0,0,0.1,0.1,0.1,0
Cactus3603-05/31/17-01:11:12,Cactus,Cactus,1778,29.411766052246,1085,190,0,0,0.1,0.1,0.1,0
Cactus3604-05/31/17-01:11:12,Cactus,Cactus,527,23.137254714966,887,265,0,0,0.1,0.1,0.1,0
Cactus3605-05/31/17-01:11:12,Cactus,Cactus,874,26.666667938232,1123,127,0,0,0.1,0.1,0.1,0
Cactus3606-05/31/17-01:11:12,Cactus,Cactus,330,19.607843399048,1072,316,0,0,0.1,0.1,0.1,0
Cactus3607-05/31/17-01:11:12,Cactus,Cactus,973,19.607843399048,522,21,0,0,0.1,0.1,0.1,0
Cactus3608-05/31/17-01:11:12,Cactus,Cactus,234,14.901961326599,824,39,0,0,0.1,0.1,0.1,0
Cactus3609-05/31/17-01:11:12,Cactus,Cactus,1285,28.627452850342,1420,248,0,0,0.1,0.1,0.1,0
Cactus3610-05/31/17-01:11:12,Cactus,Cactus,855,20.19607925415,1518,284,0,0,0.1,0.1,0.1,0
Cactus3611-05/31/17-01:11:12,Cactus,Cactus,837,29.215686798096,689,183,0,0,0.1,0.1,0.1,0
Cactus3612-05/31/17-01:11:12,Cactus,Cactus,1349,10.196078300476,284,216,0,0,0.1,0.1,0.1,0
Cactus3613-05/31/17-01:11:12,Cactus,Cactus,1169,18.823530197144,1680,201,0,0,0.1,0.1,0.1,0
Cactus3614-05/31/17-01:11:12,Cactus,Cactus,373,16.07843208313,914,309,0,0,0.1,0.1,0.1,0
Cactus3615-05/31/17-01:11:12,Cactus,Cactus,1341,28.431373596191,1418,70,0,0,0.1,0.1,0.1,0
Cactus3616-05/31/17-01:11:12,Cactus,Cactus,1336,25.490198135376,1053,126,0,0,0.1,0.1,0.1,0
Cactus3617-05/31/17-01:11:12,Cactus,Cactus,1301,24.705883026123,1535,339,0,0,0.1,0.1,0.1,0
Cactus3618-05/31/17-01:11:12,Cactus,Cactus,1632,22.745098114014,770,133,0,0,0.1,0.1,0.1,0
Cactus3619-05/31/17-01:11:12,Cactus,Cactus,656,25.882354736328,653,117,0,0,0.1,0.1,0.1,0
Cactus3620-05/31/17-01:11:12,Cactus,Cactus,1023,23.92156791687,753,294,0,0,0.1,0.1,0.1,0
Cactus3621-05/31/17-01:11:12,Cactus,Cactus,411,17.450981140137,905,339,0,0,0.1,0.1,0.1,0
Cactus3622-05/31/17-01:11:12,Cactus,Cactus,1096,26.27451133728,1423,80,0,0,0.1,0.1,0.1,0
Cactus3623-05/31/17-01:11:12,Cactus,Cactus,1164,26.666667938232,845,270,0,0,0.1,0.1,0.1,0
Cactus3624-05/31/17-01:11:12,Cactus,Cactus,1133,22.549018859863,767,29,0,0,0.1,0.1,0.1,0
Cactus3625-05/31/17-01:11:12,Cactus,Cactus,1115,28.823530197144,1354,181,0,0,0.1,0.1,0.1,0
Cactus3626-05/31/17-01:11:12,Cactus,Cactus,1433,23.92156791687,1133,122,0,0,0.1,0.1,0.1,0
Cactus3627-05/31/17-01:11:12,Cactus,Cactus,810,13.725490570068,326,28,0,0,0.1,0.1,0.1,0
Cactus3628-05/31/17-01:11:12,Cactus,Cactus,384,28.23529624939,599,30,0,0,0.1,0.1,0.1,0
Cactus3629-05/31/17-01:11:12,Cactus,Cactus,1362,27.450981140137,1466,234,0,0,0.1,0.1,0.1,0
Cactus3630-05/31/17-01:11:12,Cactus,Cactus,1264,19.411764144897,1718,7,0,0,0.1,0.1,0.1,0
Cactus3631-05/31/17-01:11:12,Cactus,Cactus,1579,32.941177368164,1355,356,0,0,0.1,0.1,0.1,0
Cactus3632-05/31/17-01:11:12,Cactus,Cactus,396,16.666667938232,936,157,0,0,0.1,0.1,0.1,0
Cactus3633-05/31/17-01:11:12,Cactus,Cactus,784,11.960783958435,1673,145,0,0,0.1,0.1,0.1,0
Cactus3634-05/31/17-01:11:12,Cactus,Cactus,546,22.156862258911,920,78,0,0,0.1,0.1,0.1,0
Cactus3635-05/31/17-01:11:12,Cactus,Cactus,1181,9.2156867980957,421,217,0,0,0.1,0.1,0.1,0
Cactus3636-05/31/17-01:11:12,Cactus,Cactus,899,15.686275482178,1681,329,0,0,0.1,0.1,0.1,0
GunShop3637-05/31/17-01:11:12,GunShop,GunShop,1024,26.666667938232,1029,0,0,0,0.008,0.008,0.008,0
FarmHouse3638-05/31/17-01:11:12,FarmHouse,FarmHouse,1034,26.666667938232,1024,0,0,0,0.25,0.25,0.25,0
GeneralStore3639-05/31/17-01:11:12,GeneralStore,GeneralStore,1044,26.666667938232,1020,0,0,0,0.15,0.15,0.15,0
Saloon3640-05/31/17-01:11:12,Saloon,Saloon,1034,26.666667938232,990,0,0,0,0.1,0.1,0.1,0
Blacksmith3641-05/31/17-01:11:12,Blacksmith,Blacksmith,1024,26.666667938232,990,0,0,0,0.06,0.06,0.06,0
Cactus782-05/31/17-01:17:20,Cactus,Cactus,1405,13.13725566864,499,47,0,0,0.1,0.1,0.1,0
Cactus783-05/31/17-01:17:20,Cactus,Cactus,944,19.019607543945,1772,73,0,0,0.1,0.1,0.1,0
Cactus784-05/31/17-01:17:20,Cactus,Cactus,1027,14.509804725647,367,234,0,0,0.1,0.1,0.1,0
Cactus785-05/31/17-01:17:20,Cactus,Cactus,225,17.450981140137,977,197,0,0,0.1,0.1,0.1,0
Cactus786-05/31/17-01:17:20,Cactus,Cactus,1013,23.333333969116,736,296,0,0,0.1,0.1,0.1,0
Cactus787-05/31/17-01:17:20,Cactus,Cactus,1298,20.980392456055,1655,115,0,0,0.1,0.1,0.1,0
Cactus788-05/31/17-01:17:20,Cactus,Cactus,581,25.882354736328,468,103,0,0,0.1,0.1,0.1,0
Cactus789-05/31/17-01:17:20,Cactus,Cactus,915,26.666667938232,853,99,0,0,0.1,0.1,0.1,0
Cactus790-05/31/17-01:17:20,Cactus,Cactus,1127,11.568627357483,501,317,0,0,0.1,0.1,0.1,0
Cactus791-05/31/17-01:17:20,Cactus,Cactus,801,28.039216995239,646,80,0,0,0.1,0.1,0.1,0
Cactus792-05/31/17-01:17:20,Cactus,Cactus,1504,30.980392456055,1456,210,0,0,0.1,0.1,0.1,0
Cactus793-05/31/17-01:17:20,Cactus,Cactus,1190,26.666667938232,940,155,0,0,0.1,0.1,0.1,0
Cactus794-05/31/17-01:17:20,Cactus,Cactus,735,26.666667938232,1237,216,0,0,0.1,0.1,0.1,0
Cactus795-05/31/17-01:17:20,Cactus,Cactus,1230,10.392156600952,497,41,0,0,0.1,0.1,0.1,0
Cactus796-05/31/17-01:17:20,Cactus,Cactus,1559,28.039216995239,1160,8,0,0,0.1,0.1,0.1,0
Cactus797-05/31/17-01:17:20,Cactus,Cactus,1523,28.23529624939,1572,50,0,0,0.1,0.1,0.1,0
Cactus798-05/31/17-01:17:20,Cactus,Cactus,1430,22.745098114014,1088,154,0,0,0.1,0.1,0.1,0
Cactus799-05/31/17-01:17:20,Cactus,Cactus,481,9.6078433990479,1671,36,0,0,0.1,0.1,0.1,0
Cactus800-05/31/17-01:17:20,Cactus,Cactus,1100,25.490198135376,1549,300,0,0,0.1,0.1,0.1,0
Cactus801-05/31/17-01:17:20,Cactus,Cactus,1729,20.588235855103,562,199,0,0,0.1,0.1,0.1,0
Cactus802-05/31/17-01:17:20,Cactus,Cactus,1297,24.901960372925,733,223,0,0,0.1,0.1,0.1,0
Cactus803-05/31/17-01:17:20,Cactus,Cactus,1205,19.215686798096,1678,121,0,0,0.1,0.1,0.1,0
Cactus804-05/31/17-01:17:20,Cactus,Cactus,1498,23.529411315918,1040,153,0,0,0.1,0.1,0.1,0
Cactus805-05/31/17-01:17:20,Cactus,Cactus,1016,18.627450942993,1866,120,0,0,0.1,0.1,0.1,0
Cactus806-05/31/17-01:17:20,Cactus,Cactus,563,13.13725566864,1492,136,0,0,0.1,0.1,0.1,0
Cactus807-05/31/17-01:17:20,Cactus,Cactus,666,22.745098114014,1116,357,0,0,0.1,0.1,0.1,0
Cactus808-05/31/17-01:17:20,Cactus,Cactus,612,11.960783958435,1761,44,0,0,0.1,0.1,0.1,0
Cactus809-05/31/17-01:17:20,Cactus,Cactus,1125,11.568627357483,495,341,0,0,0.1,0.1,0.1,0
Cactus810-05/31/17-01:17:20,Cactus,Cactus,908,21.764705657959,1535,6,0,0,0.1,0.1,0.1,0
Cactus811-05/31/17-01:17:20,Cactus,Cactus,886,23.92156791687,1450,113,0,0,0.1,0.1,0.1,0
Cactus812-05/31/17-01:17:20,Cactus,Cactus,1369,10.784314155579,372,58,0,0,0.1,0.1,0.1,0
Cactus813-05/31/17-01:17:20,Cactus,Cactus,903,16.274509429932,390,333,0,0,0.1,0.1,0.1,0
Cactus814-05/31/17-01:17:20,Cactus,Cactus,541,19.803922653198,1374,123,0,0,0.1,0.1,0.1,0
Cactus815-05/31/17-01:17:20,Cactus,Cactus,1139,28.039216995239,1426,207,0,0,0.1,0.1,0.1,0
Cactus816-05/31/17-01:17:20,Cactus,Cactus,988,15.686275482178,330,233,0,0,0.1,0.1,0.1,0
Cactus817-05/31/17-01:17:20,Cactus,Cactus,1348,28.627452850342,1312,293,0,0,0.1,0.1,0.1,0
Cactus818-05/31/17-01:17:20,Cactus,Cactus,1797,30.784315109253,1312,312,0,0,0.1,0.1,0.1,0
Cactus819-05/31/17-01:17:20,Cactus,Cactus,1393,23.725490570068,1536,203,0,0,0.1,0.1,0.1,0
Cactus820-05/31/17-01:17:20,Cactus,Cactus,1149,11.960783958435,523,232,0,0,0.1,0.1,0.1,0
Cactus821-05/31/17-01:17:20,Cactus,Cactus,1464,22.549018859863,1645,295,0,0,0.1,0.1,0.1,0
Cactus822-05/31/17-01:17:20,Cactus,Cactus,1077,15.686275482178,293,63,0,0,0.1,0.1,0.1,0
Cactus823-05/31/17-01:17:20,Cactus,Cactus,1120,14.313726425171,546,280,0,0,0.1,0.1,0.1,0
Cactus824-05/31/17-01:17:20,Cactus,Cactus,788,19.019607543945,502,287,0,0,0.1,0.1,0.1,0
Cactus825-05/31/17-01:17:20,Cactus,Cactus,1385,10.980392456055,293,276,0,0,0.1,0.1,0.1,0
Cactus826-05/31/17-01:17:20,Cactus,Cactus,629,21.372549057007,1132,138,0,0,0.1,0.1,0.1,0
Cactus827-05/31/17-01:17:20,Cactus,Cactus,307,20.980392456055,1436,54,0,0,0.1,0.1,0.1,0
Cactus828-05/31/17-01:17:20,Cactus,Cactus,250,20.784313201904,1118,117,0,0,0.1,0.1,0.1,0
Cactus829-05/31/17-01:17:20,Cactus,Cactus,1248,21.568628311157,673,32,0,0,0.1,0.1,0.1,0
Cactus830-05/31/17-01:17:20,Cactus,Cactus,1429,22.352941513062,1650,118,0,0,0.1,0.1,0.1,0
Cactus831-05/31/17-01:17:20,Cactus,Cactus,1474,27.254903793335,1520,133,0,0,0.1,0.1,0.1,0
Cactus832-05/31/17-01:17:20,Cactus,Cactus,1004,16.470588684082,247,113,0,0,0.1,0.1,0.1,0
Cactus833-05/31/17-01:17:20,Cactus,Cactus,1098,20.980392456055,1678,181,0,0,0.1,0.1,0.1,0
Cactus834-05/31/17-01:17:20,Cactus,Cactus,334,20.588235855103,1377,129,0,0,0.1,0.1,0.1,0
Cactus835-05/31/17-01:17:20,Cactus,Cactus,1248,26.27451133728,1135,63,0,0,0.1,0.1,0.1,0
Cactus836-05/31/17-01:17:20,Cactus,Cactus,1613,25.490198135376,1068,36,0,0,0.1,0.1,0.1,0
Cactus837-05/31/17-01:17:20,Cactus,Cactus,1662,25.294118881226,1019,124,0,0,0.1,0.1,0.1,0
Cactus838-05/31/17-01:17:20,Cactus,Cactus,672,20.392156600952,1326,307,0,0,0.1,0.1,0.1,0
Cactus839-05/31/17-01:17:20,Cactus,Cactus,603,21.176471710205,1325,194,0,0,0.1,0.1,0.1,0
Cactus840-05/31/17-01:17:20,Cactus,Cactus,1135,19.215686798096,688,115,0,0,0.1,0.1,0.1,0
Cactus841-05/31/17-01:17:20,Cactus,Cactus,823,26.666667938232,1063,63,0,0,0.1,0.1,0.1,0
Cactus842-05/31/17-01:17:20,Cactus,Cactus,783,13.725490570068,318,153,0,0,0.1,0.1,0.1,0
Cactus843-05/31/17-01:17:20,Cactus,Cactus,1617,32.35294342041,1354,351,0,0,0.1,0.1,0.1,0
Cactus844-05/31/17-01:17:20,Cactus,Cactus,1251,16.862745285034,1756,352,0,0,0.1,0.1,0.1,0
Cactus845-05/31/17-01:17:20,Cactus,Cactus,720,11.960783958435,1673,15,0,0,0.1,0.1,0.1,0
Cactus846-05/31/17-01:17:20,Cactus,Cactus,708,26.862747192383,931,94,0,0,0.1,0.1,0.1,0
Cactus847-05/31/17-01:17:20,Cactus,Cactus,584,20.784313201904,1260,265,0,0,0.1,0.1,0.1,0
Cactus848-05/31/17-01:17:20,Cactus,Cactus,953,28.431373596191,1244,146,0,0,0.1,0.1,0.1,0
Cactus849-05/31/17-01:17:20,Cactus,Cactus,1441,23.529411315918,766,69,0,0,0.1,0.1,0.1,0
Cactus850-05/31/17-01:17:20,Cactus,Cactus,774,17.647058486938,404,168,0,0,0.1,0.1,0.1,0
Cactus851-05/31/17-01:17:20,Cactus,Cactus,1139,24.313726425171,1506,195,0,0,0.1,0.1,0.1,0
Cactus852-05/31/17-01:17:20,Cactus,Cactus,435,30.19607925415,447,347,0,0,0.1,0.1,0.1,0
Cactus853-05/31/17-01:17:20,Cactus,Cactus,839,13.921568870544,285,284,0,0,0.1,0.1,0.1,0
Cactus854-05/31/17-01:17:20,Cactus,Cactus,916,19.411764144897,1615,306,0,0,0.1,0.1,0.1,0
Cactus855-05/31/17-01:17:20,Cactus,Cactus,1544,18.431373596191,486,124,0,0,0.1,0.1,0.1,0
Cactus856-05/31/17-01:17:20,Cactus,Cactus,912,15.686275482178,312,239,0,0,0.1,0.1,0.1,0
Cactus857-05/31/17-01:17:20,Cactus,Cactus,1530,30.784315109253,1236,102,0,0,0.1,0.1,0.1,0
Cactus858-05/31/17-01:17:20,Cactus,Cactus,541,20.588235855103,1075,312,0,0,0.1,0.1,0.1,0
Cactus859-05/31/17-01:17:20,Cactus,Cactus,1493,15.882353782654,392,7,0,0,0.1,0.1,0.1,0
Cactus860-05/31/17-01:17:20,Cactus,Cactus,633,22.745098114014,893,214,0,0,0.1,0.1,0.1,0
Cactus861-05/31/17-01:17:20,Cactus,Cactus,732,22.549018859863,563,236,0,0,0.1,0.1,0.1,0
Cactus862-05/31/17-01:17:20,Cactus,Cactus,782,29.411766052246,674,149,0,0,0.1,0.1,0.1,0
Cactus863-05/31/17-01:17:20,Cactus,Cactus,1443,30.588235855103,1257,138,0,0,0.1,0.1,0.1,0
Cactus864-05/31/17-01:17:20,Cactus,Cactus,482,11.764705657959,1612,201,0,0,0.1,0.1,0.1,0
Cactus865-05/31/17-01:17:20,Cactus,Cactus,350,16.274509429932,874,118,0,0,0.1,0.1,0.1,0
Cactus866-05/31/17-01:17:20,Cactus,Cactus,1119,11.568627357483,422,279,0,0,0.1,0.1,0.1,0
Cactus867-05/31/17-01:17:20,Cactus,Cactus,1703,31.960784912109,1183,127,0,0,0.1,0.1,0.1,0
Cactus868-05/31/17-01:17:20,Cactus,Cactus,1670,31.960784912109,1535,133,0,0,0.1,0.1,0.1,0
Cactus869-05/31/17-01:17:20,Cactus,Cactus,1410,27.843137741089,882,328,0,0,0.1,0.1,0.1,0
Cactus870-05/31/17-01:17:20,Cactus,Cactus,790,23.725490570068,1372,297,0,0,0.1,0.1,0.1,0
Cactus871-05/31/17-01:17:20,Cactus,Cactus,1568,23.529411315918,880,115,0,0,0.1,0.1,0.1,0
Cactus872-05/31/17-01:17:20,Cactus,Cactus,298,23.333333969116,669,320,0,0,0.1,0.1,0.1,0
Cactus873-05/31/17-01:17:20,Cactus,Cactus,256,13.921568870544,862,256,0,0,0.1,0.1,0.1,0
Cactus874-05/31/17-01:17:20,Cactus,Cactus,465,30.980392456055,545,242,0,0,0.1,0.1,0.1,0
Cactus875-05/31/17-01:17:20,Cactus,Cactus,1048,26.666667938232,920,308,0,0,0.1,0.1,0.1,0
Cactus876-05/31/17-01:17:20,Cactus,Cactus,1400,25.294118881226,997,148,0,0,0.1,0.1,0.1,0
Cactus877-05/31/17-01:17:20,Cactus,Cactus,1001,26.470588684082,1365,182,0,0,0.1,0.1,0.1,0
Cactus878-05/31/17-01:17:20,Cactus,Cactus,1145,10.392156600952,327,63,0,0,0.1,0.1,0.1,0
Cactus879-05/31/17-01:17:20,Cactus,Cactus,1750,33.529411315918,1312,87,0,0,0.1,0.1,0.1,0
Cactus880-05/31/17-01:17:20,Cactus,Cactus,1460,26.470588684082,1167,145,0,0,0.1,0.1,0.1,0
Cactus881-05/31/17-01:17:20,Cactus,Cactus,1086,18.823530197144,635,313,0,0,0.1,0.1,0.1,0
Cactus882-05/31/17-01:17:20,Cactus,Cactus,1657,31.960784912109,1403,278,0,0,0.1,0.1,0.1,0
Cactus883-05/31/17-01:17:20,Cactus,Cactus,938,18.235294342041,1732,4,0,0,0.1,0.1,0.1,0
Cactus884-05/31/17-01:17:20,Cactus,Cactus,960,26.666667938232,1008,189,0,0,0.1,0.1,0.1,0
Cactus885-05/31/17-01:17:20,Cactus,Cactus,318,18.039216995239,1037,351,0,0,0.1,0.1,0.1,0
Cactus886-05/31/17-01:17:20,Cactus,Cactus,1478,20.588235855103,742,99,0,0,0.1,0.1,0.1,0
Cactus887-05/31/17-01:17:20,Cactus,Cactus,1230,10.196078300476,480,133,0,0,0.1,0.1,0.1,0
Cactus888-05/31/17-01:17:20,Cactus,Cactus,939,26.666667938232,864,64,0,0,0.1,0.1,0.1,0
Cactus889-05/31/17-01:17:20,Cactus,Cactus,1616,28.823530197144,1167,31,0,0,0.1,0.1,0.1,0
Cactus890-05/31/17-01:17:20,Cactus,Cactus,635,11.176470756531,1719,215,0,0,0.1,0.1,0.1,0
Cactus891-05/31/17-01:17:20,Cactus,Cactus,257,23.137254714966,1181,6,0,0,0.1,0.1,0.1,0
Cactus892-05/31/17-01:17:20,Cactus,Cactus,1527,32.15686416626,1254,266,0,0,0.1,0.1,0.1,0
Cactus893-05/31/17-01:17:20,Cactus,Cactus,740,27.254903793335,1233,235,0,0,0.1,0.1,0.1,0
Cactus894-05/31/17-01:17:20,Cactus,Cactus,871,14.313726425171,254,55,0,0,0.1,0.1,0.1,0
Cactus895-05/31/17-01:17:20,Cactus,Cactus,1386,22.352941513062,1716,322,0,0,0.1,0.1,0.1,0
Cactus896-05/31/17-01:17:20,Cactus,Cactus,649,22.745098114014,415,311,0,0,0.1,0.1,0.1,0
Cactus897-05/31/17-01:17:20,Cactus,Cactus,959,26.666667938232,1084,159,0,0,0.1,0.1,0.1,0
Cactus898-05/31/17-01:17:20,Cactus,Cactus,614,11.960783958435,1778,266,0,0,0.1,0.1,0.1,0
Cactus899-05/31/17-01:17:20,Cactus,Cactus,229,13.529412269592,871,219,0,0,0.1,0.1,0.1,0
Cactus900-05/31/17-01:17:20,Cactus,Cactus,1511,24.509803771973,969,182,0,0,0.1,0.1,0.1,0
Cactus901-05/31/17-01:17:20,Cactus,Cactus,854,26.666667938232,976,275,0,0,0.1,0.1,0.1,0
Cactus902-05/31/17-01:17:20,Cactus,Cactus,1668,25.098041534424,982,307,0,0,0.1,0.1,0.1,0
Cactus903-05/31/17-01:17:20,Cactus,Cactus,1368,21.568628311157,1737,222,0,0,0.1,0.1,0.1,0
Cactus904-05/31/17-01:17:20,Cactus,Cactus,570,24.901960372925,567,87,0,0,0.1,0.1,0.1,0
Cactus905-05/31/17-01:17:20,Cactus,Cactus,1205,21.568628311157,1635,161,0,0,0.1,0.1,0.1,0
Cactus906-05/31/17-01:17:20,Cactus,Cactus,645,12.549020767212,1767,189,0,0,0.1,0.1,0.1,0
Cactus907-05/31/17-01:17:20,Cactus,Cactus,1602,17.843137741089,627,107,0,0,0.1,0.1,0.1,0
Cactus908-05/31/17-01:17:20,Cactus,Cactus,1498,25.882354736328,909,3,0,0,0.1,0.1,0.1,0
Cactus909-05/31/17-01:17:20,Cactus,Cactus,971,25.294118881226,750,8,0,0,0.1,0.1,0.1,0
Cactus910-05/31/17-01:17:20,Cactus,Cactus,1269,18.039216995239,1743,69,0,0,0.1,0.1,0.1,0
Cactus911-05/31/17-01:17:20,Cactus,Cactus,670,22.549018859863,473,290,0,0,0.1,0.1,0.1,0
Cactus912-05/31/17-01:17:20,Cactus,Cactus,720,19.215686798096,1466,240,0,0,0.1,0.1,0.1,0
Cactus913-05/31/17-01:17:20,Cactus,Cactus,658,23.725490570068,570,256,0,0,0.1,0.1,0.1,0
Cactus914-05/31/17-01:17:20,Cactus,Cactus,1567,17.843137741089,519,65,0,0,0.1,0.1,0.1,0
Cactus915-05/31/17-01:17:20,Cactus,Cactus,1416,27.843137741089,888,140,0,0,0.1,0.1,0.1,0
Cactus916-05/31/17-01:17:20,Cactus,Cactus,885,18.627450942993,1572,99,0,0,0.1,0.1,0.1,0
Cactus917-05/31/17-01:17:20,Cactus,Cactus,718,26.862747192383,1212,91,0,0,0.1,0.1,0.1,0
Cactus918-05/31/17-01:17:20,Cactus,Cactus,218,23.137254714966,1193,340,0,0,0.1,0.1,0.1,0
Cactus919-05/31/17-01:17:20,Cactus,Cactus,522,26.862747192383,649,51,0,0,0.1,0.1,0.1,0
Cactus920-05/31/17-01:17:20,Cactus,Cactus,333,20.784313201904,1111,284,0,0,0.1,0.1,0.1,0
Cactus921-05/31/17-01:17:20,Cactus,Cactus,636,22.156862258911,1035,310,0,0,0.1,0.1,0.1,0
Cactus922-05/31/17-01:17:20,Cactus,Cactus,1237,16.274509429932,583,192,0,0,0.1,0.1,0.1,0
Cactus923-05/31/17-01:17:20,Cactus,Cactus,1498,33.921569824219,1391,270,0,0,0.1,0.1,0.1,0
GunShop924-05/31/17-01:17:20,GunShop,GunShop,1024,26.666667938232,1029,0,0,0,0.008,0.008,0.008,0
FarmHouse925-05/31/17-01:17:20,FarmHouse,FarmHouse,1034,26.666667938232,1024,0,0,0,0.25,0.25,0.25,0
GeneralStore926-05/31/17-01:17:20,GeneralStore,GeneralStore,1044,26.666667938232,1020,0,0,0,0.15,0.15,0.15,0
Saloon927-05/31/17-01:17:20,Saloon,Saloon,1034,26.666667938232,990,0,0,0,0.1,0.1,0.1,0
Blacksmith928-05/31/17-01:17:20,Blacksmith,Blacksmith,1024,26.666667938232,990,0,0,0,0.06,0.06,0.06,0
Cactus1071-05/31/17-01:24:18,Cactus,Cactus,1654,31.764707565308,1197,173,0,0,0.1,0.1,0.1,0
Cactus1072-05/31/17-01:24:18,Cactus,Cactus,1527,14.509804725647,360,310,0,0,0.1,0.1,0.1,0
Cactus1073-05/31/17-01:24:18,Cactus,Cactus,1453,23.333333969116,1052,110,0,0,0.1,0.1,0.1,0
Cactus1074-05/31/17-01:24:18,Cactus,Cactus,913,15.490196228027,247,2,0,0,0.1,0.1,0.1,0
Cactus1075-05/31/17-01:24:18,Cactus,Cactus,1169,23.92156791687,1231,219,0,0,0.1,0.1,0.1,0
Cactus1076-05/31/17-01:24:18,Cactus,Cactus,343,20.392156600952,1356,163,0,0,0.1,0.1,0.1,0
Cactus1077-05/31/17-01:24:18,Cactus,Cactus,1602,28.823530197144,1641,188,0,0,0.1,0.1,0.1,0
Cactus1078-05/31/17-01:24:18,Cactus,Cactus,295,14.313726425171,947,85,0,0,0.1,0.1,0.1,0
Cactus1079-05/31/17-01:24:18,Cactus,Cactus,1251,26.27451133728,805,96,0,0,0.1,0.1,0.1,0
Cactus1080-05/31/17-01:24:18,Cactus,Cactus,611,10.980392456055,1718,9,0,0,0.1,0.1,0.1,0
Cactus1081-05/31/17-01:24:18,Cactus,Cactus,567,25.294118881226,561,212,0,0,0.1,0.1,0.1,0
Cactus1082-05/31/17-01:24:18,Cactus,Cactus,1414,22.941177368164,1712,262,0,0,0.1,0.1,0.1,0
Cactus1083-05/31/17-01:24:18,Cactus,Cactus,993,17.450981140137,423,268,0,0,0.1,0.1,0.1,0
Cactus1084-05/31/17-01:24:18,Cactus,Cactus,960,26.666667938232,938,342,0,0,0.1,0.1,0.1,0
Cactus1085-05/31/17-01:24:18,Cactus,Cactus,790,18.627450942993,1503,220,0,0,0.1,0.1,0.1,0
Cactus1086-05/31/17-01:24:18,Cactus,Cactus,1172,20.784313201904,741,55,0,0,0.1,0.1,0.1,0
Cactus1087-05/31/17-01:24:18,Cactus,Cactus,463,20.19607925415,871,290,0,0,0.1,0.1,0.1,0
Cactus1088-05/31/17-01:24:18,Cactus,Cactus,709,17.058824539185,349,237,0,0,0.1,0.1,0.1,0
Cactus1089-05/31/17-01:24:18,Cactus,Cactus,1034,15.686275482178,305,342,0,0,0.1,0.1,0.1,0
Cactus1090-05/31/17-01:24:18,Cactus,Cactus,622,22.941177368164,874,26,0,0,0.1,0.1,0.1,0
Cactus1091-05/31/17-01:24:18,Cactus,Cactus,974,16.07843208313,322,182,0,0,0.1,0.1,0.1,0
Cactus1092-05/31/17-01:24:18,Cactus,Cactus,1497,25.098041534424,832,101,0,0,0.1,0.1,0.1,0
Cactus1093-05/31/17-01:24:18,Cactus,Cactus,1164,29.607845306396,1396,273,0,0,0.1,0.1,0.1,0
Cactus1094-05/31/17-01:24:18,Cactus,Cactus,1476,25.686275482178,974,45,0,0,0.1,0.1,0.1,0
Cactus1095-05/31/17-01:24:18,Cactus,Cactus,754,12.745099067688,1706,13,0,0,0.1,0.1,0.1,0
Cactus1096-05/31/17-01:24:18,Cactus,Cactus,1059,28.23529624939,1356,154,0,0,0.1,0.1,0.1,0
Cactus1097-05/31/17-01:24:18,Cactus,Cactus,1125,20,710,170,0,0,0.1,0.1,0.1,0
Cactus1098-05/31/17-01:24:18,Cactus,Cactus,769,13.13725566864,1731,115,0,0,0.1,0.1,0.1,0
Cactus1099-05/31/17-01:24:18,Cactus,Cactus,934,23.137254714966,559,354,0,0,0.1,0.1,0.1,0
Cactus1100-05/31/17-01:24:18,Cactus,Cactus,612,13.725490570068,1512,205,0,0,0.1,0.1,0.1,0
Cactus1101-05/31/17-01:24:18,Cactus,Cactus,404,12.156863212585,1557,303,0,0,0.1,0.1,0.1,0
Cactus1102-05/31/17-01:24:18,Cactus,Cactus,815,26.666667938232,1026,321,0,0,0.1,0.1,0.1,0
Cactus1103-05/31/17-01:24:18,Cactus,Cactus,1723,32.941177368164,1282,237,0,0,0.1,0.1,0.1,0
Cactus1104-05/31/17-01:24:18,Cactus,Cactus,1448,29.019609451294,1228,269,0,0,0.1,0.1,0.1,0
Cactus1105-05/31/17-01:24:18,Cactus,Cactus,1538,33.725490570068,1404,196,0,0,0.1,0.1,0.1,0
Cactus1106-05/31/17-01:24:18,Cactus,Cactus,1424,16.666667938232,597,158,0,0,0.1,0.1,0.1,0
Cactus1107-05/31/17-01:24:18,Cactus,Cactus,478,20,1183,192,0,0,0.1,0.1,0.1,0
Cactus1108-05/31/17-01:24:18,Cactus,Cactus,1286,10.392156600952,331,182,0,0,0.1,0.1,0.1,0
Cactus1109-05/31/17-01:24:18,Cactus,Cactus,392,24.313726425171,689,65,0,0,0.1,0.1,0.1,0
Cactus1110-05/31/17-01:24:18,Cactus,Cactus,1573,23.92156791687,842,73,0,0,0.1,0.1,0.1,0
Cactus1111-05/31/17-01:24:18,Cactus,Cactus,1285,23.92156791687,1236,163,0,0,0.1,0.1,0.1,0
Cactus1112-05/31/17-01:24:18,Cactus,Cactus,955,26.666667938232,1223,229,0,0,0.1,0.1,0.1,0
Cactus1113-05/31/17-01:24:18,Cactus,Cactus,1474,26.27451133728,1158,136,0,0,0.1,0.1,0.1,0
Cactus1114-05/31/17-01:24:18,Cactus,Cactus,380,15.882353782654,1509,200,0,0,0.1,0.1,0.1,0
Cactus1115-05/31/17-01:24:18,Cactus,Cactus,1238,29.803922653198,1429,211,0,0,0.1,0.1,0.1,0
Cactus1116-05/31/17-01:24:18,Cactus,Cactus,721,25.686275482178,1013,29,0,0,0.1,0.1,0.1,0
Cactus1117-05/31/17-01:24:18,Cactus,Cactus,1515,32.15686416626,1252,224,0,0,0.1,0.1,0.1,0
Cactus1118-05/31/17-01:24:18,Cactus,Cactus,1414,22.549018859863,1645,54,0,0,0.1,0.1,0.1,0
Cactus1119-05/31/17-01:24:18,Cactus,Cactus,1179,18.627450942993,1774,329,0,0,0.1,0.1,0.1,0
Cactus1120-05/31/17-01:24:18,Cactus,Cactus,1258,27.647060394287,1488,16,0,0,0.1,0.1,0.1,0
Cactus1121-05/31/17-01:24:18,Cactus,Cactus,1165,18.431373596191,628,63,0,0,0.1,0.1,0.1,0
Cactus1122-05/31/17-01:24:18,Cactus,Cactus,1676,29.803922653198,1116,162,0,0,0.1,0.1,0.1,0
Cactus1123-05/31/17-01:24:18,Cactus,Cactus,838,26.07843208313,614,168,0,0,0.1,0.1,0.1,0
Cactus1124-05/31/17-01:24:18,Cactus,Cactus,1026,15.098039627075,316,117,0,0,0.1,0.1,0.1,0
Cactus1125-05/31/17-01:24:18,Cactus,Cactus,1509,16.666667938232,645,298,0,0,0.1,0.1,0.1,0
Cactus1126-05/31/17-01:24:18,Cactus,Cactus,1790,30.980392456055,1338,116,0,0,0.1,0.1,0.1,0
Cactus1127-05/31/17-01:24:18,Cactus,Cactus,218,20,1034,82,0,0,0.1,0.1,0.1,0
Cactus1128-05/31/17-01:24:18,Cactus,Cactus,778,27.254903793335,1017,286,0,0,0.1,0.1,0.1,0
Cactus1129-05/31/17-01:24:18,Cactus,Cactus,1043,25.882354736328,784,248,0,0,0.1,0.1,0.1,0
Cactus1130-05/31/17-01:24:18,Cactus,Cactus,1090,26.470588684082,1241,143,0,0,0.1,0.1,0.1,0
Cactus1131-05/31/17-01:24:18,Cactus,Cactus,1275,17.058824539185,1765,177,0,0,0.1,0.1,0.1,0
Cactus1132-05/31/17-01:24:18,Cactus,Cactus,1528,23.137254714966,1018,137,0,0,0.1,0.1,0.1,0
Cactus1133-05/31/17-01:24:18,Cactus,Cactus,1606,27.647060394287,1132,129,0,0,0.1,0.1,0.1,0
Cactus1134-05/31/17-01:24:18,Cactus,Cactus,768,14.117648124695,273,268,0,0,0.1,0.1,0.1,0
Cactus1135-05/31/17-01:24:18,Cactus,Cactus,1222,27.647060394287,1476,308,0,0,0.1,0.1,0.1,0
Cactus1136-05/31/17-01:24:18,Cactus,Cactus,1263,9.4117650985718,448,24,0,0,0.1,0.1,0.1,0
Cactus1137-05/31/17-01:24:18,Cactus,Cactus,349,20.19607925415,1277,123,0,0,0.1,0.1,0.1,0
Cactus1138-05/31/17-01:24:18,Cactus,Cactus,656,27.058824539185,754,238,0,0,0.1,0.1,0.1,0
Cactus1139-05/31/17-01:24:18,Cactus,Cactus,1251,21.764705657959,1632,325,0,0,0.1,0.1,0.1,0
Cactus1140-05/31/17-01:24:18,Cactus,Cactus,300,21.372549057007,1289,145,0,0,0.1,0.1,0.1,0
Cactus1141-05/31/17-01:24:18,Cactus,Cactus,621,20.980392456055,1122,82,0,0,0.1,0.1,0.1,0
Cactus1142-05/31/17-01:24:18,Cactus,Cactus,1259,24.705883026123,741,309,0,0,0.1,0.1,0.1,0
Cactus1143-05/31/17-01:24:18,Cactus,Cactus,513,20.19607925415,1110,355,0,0,0.1,0.1,0.1,0
Cactus1144-05/31/17-01:24:18,Cactus,Cactus,875,14.117648124695,198,94,0,0,0.1,0.1,0.1,0
Cactus1145-05/31/17-01:24:18,Cactus,Cactus,1722,31.568628311157,1419,144,0,0,0.1,0.1,0.1,0
Cactus1146-05/31/17-01:24:18,Cactus,Cactus,1198,11.372549057007,525,247,0,0,0.1,0.1,0.1,0
Cactus1147-05/31/17-01:24:18,Cactus,Cactus,1607,29.215686798096,1180,52,0,0,0.1,0.1,0.1,0
Cactus1148-05/31/17-01:24:18,Cactus,Cactus,458,22.941177368164,785,2,0,0,0.1,0.1,0.1,0
Cactus1149-05/31/17-01:24:18,Cactus,Cactus,1354,29.019609451294,1414,289,0,0,0.1,0.1,0.1,0
Cactus1150-05/31/17-01:24:18,Cactus,Cactus,1085,27.254903793335,1402,52,0,0,0.1,0.1,0.1,0
Cactus1151-05/31/17-01:24:18,Cactus,Cactus,1410,27.254903793335,1489,280,0,0,0.1,0.1,0.1,0
Cactus1152-05/31/17-01:24:18,Cactus,Cactus,1421,12.745099067688,450,57,0,0,0.1,0.1,0.1,0
Cactus1153-05/31/17-01:24:18,Cactus,Cactus,495,19.607843399048,1068,325,0,0,0.1,0.1,0.1,0
Cactus1154-05/31/17-01:24:18,Cactus,Cactus,434,17.450981140137,936,2,0,0,0.1,0.1,0.1,0
Cactus1155-05/31/17-01:24:18,Cactus,Cactus,518,23.725490570068,390,90,0,0,0.1,0.1,0.1,0
Cactus1156-05/31/17-01:24:18,Cactus,Cactus,318,21.176471710205,1269,319,0,0,0.1,0.1,0.1,0
Cactus1157-05/31/17-01:24:18,Cactus,Cactus,1321,29.215686798096,1344,328,0,0,0.1,0.1,0.1,0
Cactus1158-05/31/17-01:24:18,Cactus,Cactus,312,20.784313201904,1302,206,0,0,0.1,0.1,0.1,0
Cactus1159-05/31/17-01:24:18,Cactus,Cactus,1184,26.666667938232,1098,92,0,0,0.1,0.1,0.1,0
Cactus1160-05/31/17-01:24:18,Cactus,Cactus,814,29.803922653198,719,14,0,0,0.1,0.1,0.1,0
Cactus1161-05/31/17-01:24:18,Cactus,Cactus,799,29.607845306396,1209,26,0,0,0.1,0.1,0.1,0
Cactus1162-05/31/17-01:24:18,Cactus,Cactus,931,28.627452850342,1237,252,0,0,0.1,0.1,0.1,0
Cactus1163-05/31/17-01:24:18,Cactus,Cactus,904,24.509803771973,1400,143,0,0,0.1,0.1,0.1,0
Cactus1164-05/31/17-01:24:18,Cactus,Cactus,1709,32.745098114014,1212,72,0,0,0.1,0.1,0.1,0
Cactus1165-05/31/17-01:24:18,Cactus,Cactus,1176,26.666667938232,906,226,0,0,0.1,0.1,0.1,0
Cactus1166-05/31/17-01:24:18,Cactus,Cactus,535,24.117647171021,836,323,0,0,0.1,0.1,0.1,0
Cactus1167-05/31/17-01:24:18,Cactus,Cactus,1453,28.431373596191,1490,323,0,0,0.1,0.1,0.1,0
Cactus1168-05/31/17-01:24:18,Cactus,Cactus,807,30.19607925415,815,326,0,0,0.1,0.1,0.1,0
Cactus1169-05/31/17-01:24:18,Cactus,Cactus,634,25.490198135376,796,206,0,0,0.1,0.1,0.1,0
Cactus1170-05/31/17-01:24:18,Cactus,Cactus,725,17.843137741089,1501,269,0,0,0.1,0.1,0.1,0
Cactus1171-05/31/17-01:24:18,Cactus,Cactus,1506,28.431373596191,1512,51,0,0,0.1,0.1,0.1,0
Cactus1172-05/31/17-01:24:18,Cactus,Cactus,413,29.215686798096,560,245,0,0,0.1,0.1,0.1,0
Cactus1173-05/31/17-01:24:18,Cactus,Cactus,1061,28.23529624939,1340,158,0,0,0.1,0.1,0.1,0
Cactus1174-05/31/17-01:24:18,Cactus,Cactus,631,18.039216995239,1426,52,0,0,0.1,0.1,0.1,0
Cactus1175-05/31/17-01:24:18,Cactus,Cactus,1483,16.07843208313,410,250,0,0,0.1,0.1,0.1,0
Cactus1176-05/31/17-01:24:18,Cactus,Cactus,1260,28.039216995239,1340,196,0,0,0.1,0.1,0.1,0
Cactus1177-05/31/17-01:24:18,Cactus,Cactus,205,21.372549057007,1117,18,0,0,0.1,0.1,0.1,0
Cactus1178-05/31/17-01:24:18,Cactus,Cactus,1489,24.313726425171,1087,245,0,0,0.1,0.1,0.1,0
Cactus1179-05/31/17-01:24:18,Cactus,Cactus,1417,23.92156791687,763,140,0,0,0.1,0.1,0.1,0
Cactus1180-05/31/17-01:24:18,Cactus,Cactus,438,26.470588684082,661,175,0,0,0.1,0.1,0.1,0
Cactus1181-05/31/17-01:24:18,Cactus,Cactus,1240,23.333333969116,1551,145,0,0,0.1,0.1,0.1,0
Cactus1182-05/31/17-01:24:18,Cactus,Cactus,718,12.941177368164,1723,340,0,0,0.1,0.1,0.1,0
Cactus1183-05/31/17-01:24:18,Cactus,Cactus,1152,20.19607925415,1765,140,0,0,0.1,0.1,0.1,0
Cactus1184-05/31/17-01:24:18,Cactus,Cactus,629,23.725490570068,584,10,0,0,0.1,0.1,0.1,0
Cactus1185-05/31/17-01:24:18,Cactus,Cactus,1254,26.27451133728,802,7,0,0,0.1,0.1,0.1,0
Cactus1186-05/31/17-01:24:18,Cactus,Cactus,1252,20.980392456055,1653,316,0,0,0.1,0.1,0.1,0
Cactus1187-05/31/17-01:24:18,Cactus,Cactus,1192,23.333333969116,1218,29,0,0,0.1,0.1,0.1,0
Cactus1188-05/31/17-01:24:18,Cactus,Cactus,1622,22.352941513062,947,213,0,0,0.1,0.1,0.1,0
Cactus1189-05/31/17-01:24:18,Cactus,Cactus,1206,26.470588684082,1165,294,0,0,0.1,0.1,0.1,0
Cactus1190-05/31/17-01:24:18,Cactus,Cactus,1376,22.352941513062,705,4,0,0,0.1,0.1,0.1,0
Cactus1191-05/31/17-01:24:18,Cactus,Cactus,550,27.058824539185,701,84,0,0,0.1,0.1,0.1,0
Cactus1192-05/31/17-01:24:18,Cactus,Cactus,1577,22.941177368164,762,314,0,0,0.1,0.1,0.1,0
Cactus1193-05/31/17-01:24:18,Cactus,Cactus,1286,10.196078300476,383,223,0,0,0.1,0.1,0.1,0
Cactus1194-05/31/17-01:24:18,Cactus,Cactus,545,28.23529624939,516,264,0,0,0.1,0.1,0.1,0
Cactus1195-05/31/17-01:24:18,Cactus,Cactus,1174,26.666667938232,969,275,0,0,0.1,0.1,0.1,0
Cactus1196-05/31/17-01:24:18,Cactus,Cactus,396,16.470588684082,1488,359,0,0,0.1,0.1,0.1,0
Cactus1197-05/31/17-01:24:18,Cactus,Cactus,1384,22.156862258911,1715,201,0,0,0.1,0.1,0.1,0
Cactus1198-05/31/17-01:24:18,Cactus,Cactus,761,14.509804725647,1594,84,0,0,0.1,0.1,0.1,0
Cactus1199-05/31/17-01:24:18,Cactus,Cactus,1306,9.0196084976196,477,74,0,0,0.1,0.1,0.1,0
Cactus1200-05/31/17-01:24:18,Cactus,Cactus,704,26.666667938232,850,150,0,0,0.1,0.1,0.1,0
Cactus1201-05/31/17-01:24:18,Cactus,Cactus,189,21.372549057007,1116,252,0,0,0.1,0.1,0.1,0
Cactus1202-05/31/17-01:24:18,Cactus,Cactus,694,20,1345,316,0,0,0.1,0.1,0.1,0
Cactus1203-05/31/17-01:24:18,Cactus,Cactus,1096,26.666667938232,1167,20,0,0,0.1,0.1,0.1,0
Cactus1204-05/31/17-01:24:18,Cactus,Cactus,954,20.980392456055,535,154,0,0,0.1,0.1,0.1,0
Cactus1205-05/31/17-01:24:18,Cactus,Cactus,1765,26.27451133728,997,32,0,0,0.1,0.1,0.1,0
Cactus1206-05/31/17-01:24:18,Cactus,Cactus,1158,27.254903793335,1451,281,0,0,0.1,0.1,0.1,0
Cactus1207-05/31/17-01:24:18,Cactus,Cactus,1767,32.745098114014,1319,269,0,0,0.1,0.1,0.1,0
GunShop1208-05/31/17-01:24:18,GunShop,GunShop,1024,26.666667938232,1029,0,0,0,0.008,0.008,0.008,0
FarmHouse1209-05/31/17-01:24:18,FarmHouse,FarmHouse,1034,26.666667938232,1024,0,0,0,0.25,0.25,0.25,0
GeneralStore1210-05/31/17-01:24:18,GeneralStore,GeneralStore,1044,26.666667938232,1020,0,0,0,0.15,0.15,0.15,0
Saloon1211-05/31/17-01:24:18,Saloon,Saloon,1034,26.666667938232,990,0,0,0,0.1,0.1,0.1,0
Blacksmith1212-05/31/17-01:24:18,Blacksmith,Blacksmith,1024,26.666667938232,990,0,0,0,0.06,0.06,0.06,0
0,Cactus,Cactus,1654,31.764707565308,1197,173,0,0,0.1,0.1,0.1,0
0,Cactus,Cactus,1527,14.509804725647,360,310,0,0,0.1,0.1,0.1,0
0,Cactus,Cactus,1453,23.333333969116,1052,110,0,0,0.1,0.1,0.1,0
0,Cactus,Cactus,913,15.490196228027,247,2,0,0,0.1,0.1,0.1,0
0,Cactus,Cactus,1169,23.92156791687,1231,219,0,0,0.1,0.1,0.1,0
0,Cactus,Cactus,343,20.392156600952,1356,163,0,0,0.1,0.1,0.1,0
0,Cactus,Cactus,1602,28.823530197144,1641,188,0,0,0.1,0.1,0.1,0
0,Cactus,Cactus,295,14.313726425171,947,85,0,0,0.1,0.1,0.1,0
0,Cactus,Cactus,1251,26.27451133728,805,96,0,0,0.1,0.1,0.1,0
0,Cactus,Cactus,611,10.980392456055,1718,9,0,0,0.1,0.1,0.1,0
0,Cactus,Cactus,567,25.294118881226,561,212,0,0,0.1,0.1,0.1,0
0,Cactus,Cactus,1414,22.941177368164,1712,262,0,0,0.1,0.1,0.1,0
0,Cactus,Cactus,993,17.450981140137,423,268,0,0,0.1,0.1,0.1,0
0,Cactus,Cactus,960,26.666667938232,938,342,0,0,0.1,0.1,0.1,0
0,Cactus,Cactus,790,18.627450942993,1503,220,0,0,0.1,0.1,0.1,0
0,Cactus,Cactus,1172,20.784313201904,741,55,0,0,0.1,0.1,0.1,0
0,Cactus,Cactus,463,20.19607925415,871,290,0,0,0.1,0.1,0.1,0
0,Cactus,Cactus,709,17.058824539185,349,237,0,0,0.1,0.1,0.1,0
0,Cactus,Cactus,1034,15.686275482178,305,342,0,0,0.1,0.1,0.1,0
0,Cactus,Cactus,622,22.941177368164,874,26,0,0,0.1,0.1,0.1,0
0,Cactus,Cactus,974,16.07843208313,322,182,0,0,0.1,0.1,0.1,0
0,Cactus,Cactus,1497,25.098041534424,832,101,0,0,0.1,0.1,0.1,0
0,Cactus,Cactus,1164,29.607845306396,1396,273,0,0,0.1,0.1,0.1,0
0,Cactus,Cactus,1476,25.686275482178,974,45,0,0,0.1,0.1,0.1,0
0,Cactus,Cactus,754,12.745099067688,1706,13,0,0,0.1,0.1,0.1,0
0,Cactus,Cactus,1059,28.23529624939,1356,154,0,0,0.1,0.1,0.1,0
0,Cactus,Cactus,1125,20,710,170,0,0,0.1,0.1,0.1,0
0,Cactus,Cactus,769,13.13725566864,1731,115,0,0,0.1,0.1,0.1,0
0,Cactus,Cactus,934,23.137254714966,559,354,0,0,0.1,0.1,0.1,0
0,Cactus,Cactus,612,13.725490570068,1512,205,0,0,0.1,0.1,0.1,0
0,Cactus,Cactus,404,12.156863212585,1557,303,0,0,0.1,0.1,0.1,0
0,Cactus,Cactus,815,26.666667938232,1026,321,0,0,0.1,0.1,0.1,0
0,Cactus,Cactus,1723,32.941177368164,1282,237,0,0,0.1,0.1,0.1,0
0,Cactus,Cactus,1448,29.019609451294,1228,269,0,0,0.1,0.1,0.1,0
0,Cactus,Cactus,1538,33.725490570068,1404,196,0,0,0.1,0.1,0.1,0
0,Cactus,Cactus,1424,16.666667938232,597,158,0,0,0.1,0.1,0.1,0
0,Cactus,Cactus,478,20,1183,192,0,0,0.1,0.1,0.1,0
0,Cactus,Cactus,1286,10.392156600952,331,182,0,0,0.1,0.1,0.1,0
0,Cactus,Cactus,392,24.313726425171,689,65,0,0,0.1,0.1,0.1,0
0,Cactus,Cactus,1573,23.92156791687,842,73,0,0,0.1,0.1,0.1,0
0,Cactus,Cactus,1285,23.92156791687,1236,163,0,0,0.1,0.1,0.1,0
0,Cactus,Cactus,955,26.666667938232,1223,229,0,0,0.1,0.1,0.1,0
0,Cactus,Cactus,1474,26.27451133728,1158,136,0,0,0.1,0.1,0.1,0
0,Cactus,Cactus,380,15.882353782654,1509,200,0,0,0.1,0.1,0.1,0
0,Cactus,Cactus,1238,29.803922653198,1429,211,0,0,0.1,0.1,0.1,0
0,Cactus,Cactus,721,25.686275482178,1013,29,0,0,0.1,0.1,0.1,0
0,Cactus,Cactus,1515,32.15686416626,1252,224,0,0,0.1,0.1,0.1,0
0,Cactus,Cactus,1414,22.549018859863,1645,54,0,0,0.1,0.1,0.1,0
0,Cactus,Cactus,1179,18.627450942993,1774,329,0,0,0.1,0.1,0.1,0
0,Cactus,Cactus,1258,27.647060394287,1488,16,0,0,0.1,0.1,0.1,0
0,Cactus,Cactus,1165,18.431373596191,628,63,0,0,0.1,0.1,0.1,0
0,Cactus,Cactus,1676,29.803922653198,1116,162,0,0,0.1,0.1,0.1,0
0,Cactus,Cactus,838,26.07843208313,614,168,0,0,0.1,0.1,0.1,0
0,Cactus,Cactus,1026,15.098039627075,316,117,0,0,0.1,0.1,0.1,0
0,Cactus,Cactus,1509,16.666667938232,645,298,0,0,0.1,0.1,0.1,0
0,Cactus,Cactus,1790,30.980392456055,1338,116,0,0,0.1,0.1,0.1,0
0,Cactus,Cactus,218,20,1034,82,0,0,0.1,0.1,0.1,0
0,Cactus,Cactus,778,27.254903793335,1017,286,0,0,0.1,0.1,0.1,0
0,Cactus,Cactus,1043,25.882354736328,784,248,0,0,0.1,0.1,0.1,0
0,Cactus,Cactus,1090,26.470588684082,1241,143,0,0,0.1,0.1,0.1,0
0,Cactus,Cactus,1275,17.058824539185,1765,177,0,0,0.1,0.1,0.1,0
0,Cactus,Cactus,1528,23.137254714966,1018,137,0,0,0.1,0.1,0.1,0
0,Cactus,Cactus,1606,27.647060394287,1132,129,0,0,0.1,0.1,0.1,0
0,Cactus,Cactus,768,14.117648124695,273,268,0,0,0.1,0.1,0.1,0
0,Cactus,Cactus,1222,27.647060394287,1476,308,0,0,0.1,0.1,0.1,0
0,Cactus,Cactus,1263,9.4117650985718,448,24,0,0,0.1,0.1,0.1,0
0,Cactus,Cactus,349,20.19607925415,1277,123,0,0,0.1,0.1,0.1,0
0,Cactus,Cactus,656,27.058824539185,754,238,0,0,0.1,0.1,0.1,0
0,Cactus,Cactus,1251,21.764705657959,1632,325,0,0,0.1,0.1,0.1,0
0,Cactus,Cactus,300,21.372549057007,1289,145,0,0,0.1,0.1,0.1,0
0,Cactus,Cactus,621,20.980392456055,1122,82,0,0,0.1,0.1,0.1,0
0,Cactus,Cactus,1259,24.705883026123,741,309,0,0,0.1,0.1,0.1,0
0,Cactus,Cactus,513,20.19607925415,1110,355,0,0,0.1,0.1,0.1,0
0,Cactus,Cactus,875,14.117648124695,198,94,0,0,0.1,0.1,0.1,0
0,Cactus,Cactus,1722,31.568628311157,1419,144,0,0,0.1,0.1,0.1,0
0,Cactus,Cactus,1198,11.372549057007,525,247,0,0,0.1,0.1,0.1,0
0,Cactus,Cactus,1607,29.215686798096,1180,52,0,0,0.1,0.1,0.1,0
0,Cactus,Cactus,458,22.941177368164,785,2,0,0,0.1,0.1,0.1,0
0,Cactus,Cactus,1354,29.019609451294,1414,289,0,0,0.1,0.1,0.1,0
0,Cactus,Cactus,1085,27.254903793335,1402,52,0,0,0.1,0.1,0.1,0
0,Cactus,Cactus,1410,27.254903793335,1489,280,0,0,0.1,0.1,0.1,0
0,Cactus,Cactus,1421,12.745099067688,450,57,0,0,0.1,0.1,0.1,0
0,Cactus,Cactus,495,19.607843399048,1068,325,0,0,0.1,0.1,0.1,0
0,Cactus,Cactus,434,17.450981140137,936,2,0,0,0.1,0.1,0.1,0
0,Cactus,Cactus,518,23.725490570068,390,90,0,0,0.1,0.1,0.1,0
0,Cactus,Cactus,318,21.176471710205,1269,319,0,0,0.1,0.1,0.1,0
0,Cactus,Cactus,1321,29.215686798096,1344,328,0,0,0.1,0.1,0.1,0
0,Cactus,Cactus,312,20.784313201904,1302,206,0,0,0.1,0.1,0.1,0
0,Cactus,Cactus,1184,26.666667938232,1098,92,0,0,0.1,0.1,0.1,0
0,Cactus,Cactus,814,29.803922653198,719,14,0,0,0.1,0.1,0.1,0
0,Cactus,Cactus,799,29.607845306396,1209,26,0,0,0.1,0.1,0.1,0
0,Cactus,Cactus,931,28.627452850342,1237,252,0,0,0.1,0.1,0.1,0
0,Cactus,Cactus,904,24.509803771973,1400,143,0,0,0.1,0.1,0.1,0
0,Cactus,Cactus,1709,32.745098114014,1212,72,0,0,0.1,0.1,0.1,0
0,Cactus,Cactus,1176,26.666667938232,906,226,0,0,0.1,0.1,0.1,0
0,Cactus,Cactus,535,24.117647171021,836,323,0,0,0.1,0.1,0.1,0
0,Cactus,Cactus,1453,28.431373596191,1490,323,0,0,0.1,0.1,0.1,0
0,Cactus,Cactus,807,30.19607925415,815,326,0,0,0.1,0.1,0.1,0
0,Cactus,Cactus,634,25.490198135376,796,206,0,0,0.1,0.1,0.1,0
0,Cactus,Cactus,725,17.843137741089,1501,269,0,0,0.1,0.1,0.1,0
0,Cactus,Cactus,1506,28.431373596191,1512,51,0,0,0.1,0.1,0.1,0
0,Cactus,Cactus,413,29.215686798096,560,245,0,0,0.1,0.1,0.1,0
0,Cactus,Cactus,1061,28.23529624939,1340,158,0,0,0.1,0.1,0.1,0
0,Cactus,Cactus,631,18.039216995239,1426,52,0,0,0.1,0.1,0.1,0
0,Cactus,Cactus,1483,16.07843208313,410,250,0,0,0.1,0.1,0.1,0
0,Cactus,Cactus,1260,28.039216995239,1340,196,0,0,0.1,0.1,0.1,0
0,Cactus,Cactus,205,21.372549057007,1117,18,0,0,0.1,0.1,0.1,0
0,Cactus,Cactus,1489,24.313726425171,1087,245,0,0,0.1,0.1,0.1,0
0,Cactus,Cactus,1417,23.92156791687,763,140,0,0,0.1,0.1,0.1,0
0,Cactus,Cactus,438,26.470588684082,661,175,0,0,0.1,0.1,0.1,0
0,Cactus,Cactus,1240,23.333333969116,1551,145,0,0,0.1,0.1,0.1,0
0,Cactus,Cactus,718,12.941177368164,1723,340,0,0,0.1,0.1,0.1,0
0,Cactus,Cactus,1152,20.19607925415,1765,140,0,0,0.1,0.1,0.1,0
0,Cactus,Cactus,629,23.725490570068,584,10,0,0,0.1,0.1,0.1,0
0,Cactus,Cactus,1254,26.27451133728,802,7,0,0,0.1,0.1,0.1,0
0,Cactus,Cactus,1252,20.980392456055,1653,316,0,0,0.1,0.1,0.1,0
0,Cactus,Cactus,1192,23.333333969116,1218,29,0,0,0.1,0.1,0.1,0
0,Cactus,Cactus,1622,22.352941513062,947,213,0,0,0.1,0.1,0.1,0
0,Cactus,Cactus,1206,26.470588684082,1165,294,0,0,0.1,0.1,0.1,0
0,Cactus,Cactus,1376,22.352941513062,705,4,0,0,0.1,0.1,0.1,0
0,Cactus,Cactus,550,27.058824539185,701,84,0,0,0.1,0.1,0.1,0
0,Cactus,Cactus,1577,22.941177368164,762,314,0,0,0.1,0.1,0.1,0
0,Cactus,Cactus,1286,10.196078300476,383,223,0,0,0.1,0.1,0.1,0
0,Cactus,Cactus,545,28.23529624939,516,264,0,0,0.1,0.1,0.1,0
0,Cactus,Cactus,1174,26.666667938232,969,275,0,0,0.1,0.1,0.1,0
0,Cactus,Cactus,396,16.470588684082,1488,359,0,0,0.1,0.1,0.1,0
0,Cactus,Cactus,1384,22.156862258911,1715,201,0,0,0.1,0.1,0.1,0
0,Cactus,Cactus,761,14.509804725647,1594,84,0,0,0.1,0.1,0.1,0
0,Cactus,Cactus,1306,9.0196084976196,477,74,0,0,0.1,0.1,0.1,0
0,Cactus,Cactus,704,26.666667938232,850,150,0,0,0.1,0.1,0.1,0
0,Cactus,Cactus,189,21.372549057007,1116,252,0,0,0.1,0.1,0.1,0
0,Cactus,Cactus,694,20,1345,316,0,0,0.1,0.1,0.1,0
0,Cactus,Cactus,1096,26.666667938232,1167,20,0,0,0.1,0.1,0.1,0
0,Cactus,Cactus,954,20.980392456055,535,154,0,0,0.1,0.1,0.1,0
0,Cactus,Cactus,1765,26.27451133728,997,32,0,0,0.1,0.1,0.1,0
0,Cactus,Cactus,1158,27.254903793335,1451,281,0,0,0.1,0.1,0.1,0
0,Cactus,Cactus,1767,32.745098114014,1319,269,0,0,0.1,0.1,0.1,0
0,GunShop,GunShop,1024,26.666667938232,1029,0,0,0,0.008,0.008,0.008,0
0,FarmHouse,FarmHouse,1034,26.666667938232,1024,0,0,0,0.25,0.25,0.25,0
0,GeneralStore,GeneralStore,1044,26.666667938232,1020,0,0,0,0.15,0.15,0.15,0
0,Saloon,Saloon,1034,26.666667938232,990,0,0,0,0.1,0.1,0.1,0
0,Blacksmith,Blacksmith,1024,26.666667938232,990,0,0,0,0.06,0.06,0.06,0
